user,PC0,PC1,PC2,PC3,PC4,PC5,PC6,PC7,PC8,PC9
1.0,1.3748159266768218,-0.7888516841216574,1.2089313846373897,-0.07286016254551567,1.4311166974106955,1.7972766343292594,-1.502396923475737,-0.09921457461210446,-0.33541758516988146,-0.883557994361887
2.0,-0.23750835298586773,-1.1630004464722856,1.164505090827179,0.9548841936906919,-0.24358122890358733,0.08309364654009618,0.0824411064183047,-0.6949236689928348,-1.5089554482788397,-0.7487046768088206
3.0,3.20629371890464,-0.0051106365864829716,-1.9546889552600835,1.3114026030595967,0.11658062185721199,-0.26473201479120895,-0.07687157810361131,0.05109246243662323,0.0137891604299884,-0.0021689011845419668
4.0,-1.2373379711788879,2.048717704365821,0.36909382893010156,0.45712444029058624,-0.1366805222503051,0.47760897952741166,0.7164614282682799,0.09955314088530202,-0.17368322570470007,-0.00971714615487303
5.0,2.352021464275486,0.07564419249285387,-0.2419263199936661,-0.8025812229935797,-0.8810214842258868,-0.2523763274510651,-0.03615700381857842,1.0508273582621133,-0.8033341186922325,0.4290907658853798
6.0,1.1964352960567979,-0.20429337375064066,0.1943248746931634,-1.4681477326951302,-0.13253021372726903,-0.1900366943080915,0.12430252487290318,-0.17417623588298614,0.7734227576378089,-0.994112730728983
7.0,-1.540463868615937,-1.3588923395818076,-1.4069269286284387,-0.7865040834769672,-0.4309326265416884,1.0909979391887663,0.9404673100008081,-0.9659046561432292,-0.1254256401668809,1.7141746673819243
8.0,2.168632834181042,0.5867379397698519,0.17525903473271795,-1.7731445364640857,-1.8509925321190985,-0.3944726488285505,-0.14808720874943074,2.6586240879434992,-1.79070308331497,0.9024469590590891
9.0,1.5614654583460403,0.25727130398268144,0.024260242924037678,-0.48601676316981735,-0.6031253306333356,-0.060574359492125446,0.12162300485203766,0.45523087399725715,-0.4257419926410253,0.27719072624247965
10.0,-0.5212850602339735,2.6511814888958654,0.7615433890092651,0.9594432265028713,-0.40417395884342633,0.6963264424395559,0.9250836177451539,0.020135427715435215,-0.03981427877533022,0.19136866695197433
11.0,2.825293878342885,0.11664533859601475,-0.4544127598300577,-0.7762622034059393,-0.7372836230709087,-0.31325642211855365,-0.09265755369364824,0.690593769701482,-0.49422165709578386,0.21932340125580324
12.0,0.9012001975744741,0.8901195365979507,1.3410926614345324,-1.494032075763411,-0.056092125442954104,0.09946687204671457,0.30938004546403947,-1.5971682919192252,0.9643225044711669,-0.866287145945847
13.0,0.547153742165696,-1.0537382408301124,1.5287062618567742,-0.4010424557861775,2.3018680173979806,-1.2560195593441972,1.2706701974490948,-0.36293052064707404,-0.7037212570342236,-0.24500883193948647
14.0,-1.9133210116492003,-1.9407677452621022,-1.6020737842915966,-0.8556917063223496,-0.6045598077379397,1.3937767335461428,1.1419713143943522,-1.3198074375605613,-0.33667014212004687,2.0240648754692128
15.0,-1.4762422231828967,-1.9499213867985028,-1.2329832285068318,-0.6638528882277143,-0.4136051969502174,1.0159549115812962,1.471646298698967,0.8262559550387649,0.8089884808142949,-1.009184132498756
16.0,1.4260697229944541,-1.2811646830961547,1.3486810456724878,0.6615385059259171,1.2259414929092076,2.5565321218041372,-1.838351556967387,1.0400904931595427,0.09404375450481867,-0.08995071628161759
17.0,2.10705464271563,-0.002003744025181891,-0.7225446094135864,0.2421628383594749,-0.2653228463684347,-0.141623514056114,0.06579428909097305,0.4577179063339193,-0.37389436616701066,0.2587504508473716
18.0,2.269630800908572,0.18688078278709086,-1.220004351776886,1.0306785456398007,0.12490514028420514,-0.07469822361858361,0.1191238337734656,-0.07294200019070853,0.0746395128963007,0.08713250437255887
19.0,-1.606613158136883,2.865137528679348,0.19059299256742077,0.7316914909017219,-0.15937873371640932,0.5818019244265158,0.9195833119911909,0.7322226624928615,0.2442471810808894,-0.0733211206947209
20.0,1.8083802425127575,-0.1058067147349249,1.007522671119328,-1.442285641410588,-0.40420383232366275,-0.2398511144550991,-0.05979008250932238,-0.7350409777999413,0.021558839947901677,-0.6752374271155012
21.0,-1.1418293261602241,-0.3464767114004144,-0.6392382567434891,-0.23398270205859625,-0.05595955556145471,0.38661572958783713,0.6117697892255081,0.2848020189858894,-0.013365674529095057,-0.051279713738250014
22.0,-0.6436709046411713,-0.7715010380070877,0.2874208514421386,0.19087887315581484,0.001409491547892148,-0.39250051412033893,-0.7000266983232551,-0.9309317343962695,-1.0348555112895756,-0.005298542185654218
23.0,-0.1486034844621778,-0.38723077589363797,-0.6706955065011352,-0.7602558299069068,0.06955615749143,-0.1252120926567121,-0.22426144049330315,-0.630353922052353,0.2648352207023201,0.45317678912225495
24.0,-1.534422507857651,-0.8514731659069116,-1.2971535275340929,-0.7772757568589956,-0.0019658552285730375,0.03959863957609595,-0.49685819899642786,-1.2584040153575557,-0.500188119274074,2.10465415921059
25.0,-0.37640496194876993,-2.0982402366875093,1.6178961875502487,1.3627613286872546,-0.6708103993676668,-0.028975794075066088,0.05484153933695574,-0.3004763061933011,-0.5897889090357231,-0.27917470782677806
26.0,2.074393730520614,-0.35134119914125767,2.064224226614525,-1.384509907955914,0.755332733605989,1.76735599895063,-1.4130566132585134,-0.19574606251814228,1.6995678928715086,0.20247691628047892
27.0,-1.0023926602905653,-1.5802981749057015,0.49000638405886876,0.28151211182906555,-0.26482741685101946,0.07052855848381624,-0.06381220680850368,-0.7334624652521382,-1.0386776284764698,-0.7807709354114976
28.0,1.7122810453630957,-1.116861746594641,1.759239135427321,-0.09913735559689626,-1.1258847876542333,-0.553728406811062,-0.23440102570277044,0.34492905560288545,1.4681021488909745,0.3318431610316625
29.0,1.388714168158011,0.7043106233953956,-0.1610333649143186,0.1467676110916522,-0.4767390651781101,0.10110681440191482,0.29044304029958434,0.44135943723259785,-0.2977191081241224,0.4562564694992707
30.0,-1.7095858259775967,2.7489178663193625,0.33848798539655917,0.5353795202846677,-0.04481788206898724,0.10488926371543669,0.10434857315035939,0.04729770005320272,-0.09121757235202309,0.20020039601682793
31.0,-0.5609189635926806,-1.4714994887229809,0.4509423642670622,0.038528673036423336,-0.20626977449893072,0.2859798222940413,0.43060402634619527,-0.431556555511316,-0.5891516947514971,-0.9112570283984065
32.0,-0.28711448947158147,2.114975668982726,0.20685057656940936,0.1081581115284883,0.06953466747537854,-0.11930797470637156,-0.29573942818640153,-0.911959525096565,0.7573181357308096,0.4308582712512335
33.0,-2.6216349608458804,-0.9496106642144666,-1.4010032431508876,-0.7663895138209049,0.6002674079602364,-1.5192889902025037,-2.1149147450036643,0.3687541019431803,0.21971276265004883,-0.24346665358208794
34.0,3.1474647301627723,-0.14062479308334677,-1.6817794207881074,0.4110457208081381,-0.2827622720516219,-0.21235349812096588,0.04721671476346373,0.44362890422084517,0.10181878094433836,-0.2397373177270562
35.0,3.0629076817127228,0.39042787411263774,-2.4495943117728682,2.362362166726584,0.5696936132534218,-0.10403020630926388,0.02711728172401068,-0.8047682077475998,0.6671072132250361,-0.27950751002727114
36.0,-0.9573672981566531,2.263263491555303,0.31151594010890526,0.11043715782139707,0.007162071326870495,-0.14972661439193713,-0.2985539579255764,-0.33244436501064356,0.445103976966922,0.510303362250761
37.0,-1.0093142065944098,2.129237235022326,0.43710795516911694,0.2151066355327002,0.005827352860214728,-0.18034344131645927,-0.3399913966191888,-0.3616556199419559,0.29071751389238537,0.38080895499932155
38.0,-1.34147696807669,3.1887605009823963,0.2522847915030857,0.8964149305157768,-0.0032798531529183673,0.251537400396095,0.5848236357988815,0.8841631508586217,0.12637514272789688,-0.22850574727037515
39.0,-1.3607585649338152,-0.2533846939425724,-0.27430280018597636,0.06494743452705741,0.09955135886761411,-0.22522645137756206,-0.39629895750281763,-0.32450181745334405,-0.771392966487537,0.301291115975743
40.0,1.638414650081121,0.10956871022551537,0.9580390872134277,-1.4246636313023135,0.14453803582320676,-0.12038548262239429,0.044299348748115724,-1.9578448225989207,1.09426513618429,-1.070668008393998
41.0,-1.501194099082655,2.4167725879695388,0.33346622334997555,0.47092208436034494,-0.02945292859419935,0.3720834297899421,0.6379070285083833,0.34253579205094453,0.009082782770943152,-0.07774265246761024
42.0,2.1632589370831794,0.1000537813206291,-0.3950284896347556,-0.7490592160539755,-0.7003541167079341,-0.3389249965913012,-0.11122090844088885,1.0874192637146383,-0.6491533970238099,0.3364167957931498
43.0,-1.2740136628515093,-0.15509937160348294,-1.561327301840963,-0.5194364342005476,0.2898133883248473,-0.366756645636007,-0.9259986172385587,-1.201287509245529,-0.0901217155462567,1.66301180705797
44.0,-1.3849453937236127,-0.5705443511310531,0.6062631741873876,-0.06337915058924598,0.13313449364720398,0.008564858146987432,0.0943549080791976,-0.5908312642546306,-0.8646599402052756,-0.635920884549023
45.0,1.8944328206866592,-0.1648185899300599,-0.15294854787359366,-0.3468695681684485,0.09200195952477566,-0.4688698975836692,-0.2780517619353369,-0.4159434380842946,0.14321678296293888,-0.7868739058931906
46.0,-1.875857899922024,-1.1679166757966233,-1.4600827367935285,-1.052341600346766,-0.3804623760511157,0.9287984776070368,0.6092978077973975,-1.3054283638924455,-0.10178997309513088,1.9019908635759626
47.0,-2.1130899607788445,1.735015232856503,0.10529350254698326,0.2998446567642964,0.3041246743776478,-0.5494416389052065,-0.6673349581419913,0.23188219807890342,-0.2954823783690276,-0.21710091869206283
48.0,-2.269484390042718,-1.107832999674233,-1.2511181943309002,-0.6719400743628384,0.42891327554187414,-0.5866494450743238,-0.6919905063044628,0.5560460244372503,0.15052337012623285,-0.2386882853989121
49.0,-2.077307580518163,-1.436397380695571,-0.948269020759564,-0.44417624163499947,0.24145709249001776,-0.27992783860619835,-0.31436669760951597,0.39009577241861276,-0.11344433268625816,-0.41656173202896385
50.0,1.2194625694023076,-0.22427203572648835,0.3355066592461263,-0.459112689770207,0.35480627420118066,-0.4222736841629278,-0.2630513549327697,-1.114341572920976,0.506054753839788,-1.2006357666241725
51.0,-1.0696714896397355,-1.2543489390724716,0.716571773474629,0.8542786919845199,-0.33789955079902934,0.48454919202307284,0.540043223290503,-0.5985069730967778,-1.668551253002933,-0.5766999010937242
52.0,-1.1520366871469911,-1.2248943093961016,0.9994405667487611,0.9944992422786046,-0.2074556632320193,-1.080494753457881,-1.4509422995847863,-0.16393778159095254,-0.5059949114065029,-0.4064476149822333
53.0,-1.109357118468128,2.2897278761487256,0.5147242632807316,0.9364133081664864,-0.2500661583556146,0.47758636080219247,0.7452946255569747,0.3435961390517322,-0.5232580729468201,-0.2804871987549507
54.0,0.1380324945075855,-0.5738985817568865,1.633235293748704,-0.42166578451720166,2.34722949147907,-1.256868776139715,1.2997529582168992,-0.2426491888072649,-0.5955514041936466,-0.3401551608793259
55.0,-1.0689423415407968,-0.8314733162424782,0.8312080927419416,0.8750463649913365,-0.20446471985287334,-0.249951096772616,-0.12518776286910427,0.2111888139681022,-0.2623347861279583,-0.027413899964294164
56.0,-0.9763520879407878,1.9781929408102137,0.22136361534673218,0.7614882953068278,-0.1781262940891643,0.11256989948406401,0.07149979216830021,-0.06877111220215656,-0.4658581438243541,0.23503971310932367
57.0,2.3474173749001395,0.2939943120631782,1.0098718875550858,-2.3954051029841334,-0.5191373673280008,-0.25293256486407084,-0.0221222843122642,-0.8330145730421995,0.5546453915196502,-0.5144167297515965
58.0,-1.005884929055316,-1.6935553504062426,0.5442763415196781,0.5703778776919413,-0.1103178972096672,-0.24056150587032202,-0.46022750249601274,-0.6634629538013118,-1.4046730987842155,-0.634692380194811
59.0,-0.8709446746818177,-0.013315735117543298,0.8510123292282785,-0.1752712178144126,0.22865510697535216,-0.3085315123507799,-0.15601070451715032,-0.3503035294153632,-0.3928973128726207,-1.1482308587853005
60.0,-0.026071716997079893,-0.6393571213427104,0.04980527235629226,0.16749933997273497,0.352223914187157,-0.42760550980673234,-0.319728119418653,-0.35901158627110424,-0.2476348789345161,-0.9167567336984993
61.0,-1.5241271454609422,-2.563028620660568,-0.6959360075355051,-0.1608225808208945,-1.0577948091089957,1.6876207912769419,1.934550223126721,-0.40353015409093324,0.5331280161810631,1.2960362929836247
62.0,-1.7690730553506897,0.8660108733807754,0.4511779434861059,0.4802139814500647,0.08181822019105554,-0.8725567962619268,-1.3615441594531255,-0.4252059160896208,-0.6867344388126752,-0.45753835680983146
63.0,-0.5029644308332809,-0.8401288449153068,-0.21477447647322628,0.7408756445332741,0.09728299763536576,0.06292327181235804,0.11751327345595243,-0.40782001476996665,-0.9606644548523234,-0.272636538110818
64.0,3.294530437609415,0.2502016088624547,0.279060745443891,-2.1853180156356227,-1.106156904283641,-0.4349151506874703,-0.16161538312551307,0.7439493357062429,-0.45809103122007444,0.15642770431758815
65.0,-0.5314421528198432,-1.6223959508654429,0.31875364542259754,-0.2422463910808012,1.2026313470070202,2.6213966345585984,-0.7586967971142403,-0.08097810867731878,-0.7152453753005813,0.40568219954745116
66.0,0.12575573999607478,-1.5788053028747746,1.5509533160763196,1.060071778004051,-0.4712816571409602,-0.15890742188417553,-0.09962724131737864,-0.5695368741869113,-0.6347707876217931,-0.35807953359776173
67.0,-2.130695382119196,-0.4641247156047462,-1.151385990487394,-0.5899852406462753,0.5231034301050018,-0.8594739527795192,-0.8695496137266421,1.0738987456590954,0.49453085248928935,-0.8064660875380674
68.0,-1.5532864980642553,-0.7252341917761457,-0.7125247030929962,-0.6786699076127996,0.4116464731155582,-0.8442258540438965,-0.8603712757510251,0.712125222569793,0.5796528124138632,-1.1251862129464976
69.0,-1.3078440599085046,-0.21962375349718344,-0.08450101404967926,0.37065354977960235,0.10781131358537216,-0.2874464391840483,-0.4573662200026563,-0.288623309963976,-0.9584359368353332,0.08360669607196985
70.0,0.8303633995500556,-1.3324595188932031,1.8590869055211905,0.5089493968330687,1.3834673797792718,2.5347507819125696,-1.9004933121655359,0.5443550299968318,0.4262380833574054,0.2820009584014798
71.0,2.234078927253752,-0.494961647519352,-1.6600411234303167,1.829298987779257,0.3596708123399911,-0.12120963663076884,0.028837992873296744,-0.5440320334097758,0.18723653692351358,-0.778001641887701
72.0,-0.533986233746922,2.494612967100394,0.633191893959766,0.7629321355873823,-0.2991157172519553,0.6177116927668023,0.8164629353060754,0.009601507770652001,0.28441066114834296,0.4237240360658511
73.0,1.581726778532515,0.9254710302685585,1.3088454111720802,-1.9484248886561952,-0.25829916642875106,0.004370615595049296,0.2345117480963146,-1.3922510472013616,0.9670933383061745,-0.6824192416573639
74.0,0.8394055051669977,1.1006481277106197,1.3897371842479853,-1.4349988910020934,-0.07582235676630282,0.1561034510527432,0.3696224319828325,-1.5972333893280186,1.0110901977603548,-0.803622291216517
75.0,0.2523831033573429,-2.294367586793739,0.9913692682209028,0.7031070519884098,-1.0940014000467209,0.2069202264756723,0.5879037988643495,0.2635173928074711,1.9474224608469977,0.5579874339641405
76.0,-2.219124274045393,-0.8171630326724217,-1.4168395254204083,-0.8181634913815099,0.5404158897314385,-0.6745346756483641,-0.5995000952137367,1.1482826240459,0.6673246648092295,-0.6751443295812906
77.0,-1.4257534628968154,-0.9005000972526442,0.5012378040213619,-0.11359068732171944,0.30834918655571614,-0.6683352510556154,-0.8638440163207924,-0.6561948909790316,-0.9502433136067706,-0.7073369284291082
78.0,-0.29703948391789725,2.1574073658660904,0.6830269690864159,0.40329913772256537,-0.24521925067858058,0.5295951796864394,0.7143438770208961,-0.23202129197220744,0.4573536640728843,0.3422268450262779
79.0,-0.4343651198416351,0.5414596914998182,1.1057186666669483,1.001168173432547,-0.44711488467156096,-0.23392789325391766,-0.36072498768036354,-0.27794224470233847,0.35072427508289444,0.7162911687181263
80.0,-0.7214245044993471,0.9114689729550702,0.4376863994506469,0.2703187032188726,-0.14388680254306035,0.34217484980093044,0.5514278098011663,-0.020306457161818975,0.02571294073744341,-0.31180018607417936
81.0,1.9085022624425465,-1.0608799365612007,1.1669825654766284,0.45543279780672197,3.6308879669173075,5.6599059619051,-3.4176639555117503,0.9532721571633598,-0.3022413211180132,0.06940372241304156
82.0,1.7113951734744335,0.3446040506908515,2.3639322798223796,-0.9896084094010539,3.5649546823149723,6.485546572851945,-3.641796116496496,1.5996141592944182,0.13822204030697932,0.38588681121827517
83.0,-0.5060040290404954,2.767916759689519,0.7974004258453325,0.9519346976086732,-0.41628520291904236,0.7637026072204213,0.9751753717763957,-0.05889273754294081,0.13298368674410924,0.39722966264616677
84.0,2.0962287058054554,-0.3022186106289233,2.0236731207545073,-1.3150964592641194,3.7104714211687977,6.480296828628023,-3.668573016990357,1.168130466737247,0.3243864507746013,0.5048463522711735
85.0,-0.16656184582509598,1.9161073882297799,0.4013325261051337,0.6229291722843386,-0.22927958025842674,0.4686485543439897,0.6521353008237059,-0.011380937966457907,0.2652216578869057,0.39468524251029197
86.0,-1.5259701703572481,2.998988368760634,0.4447708023183057,0.30174051786398637,-0.2084271785709256,0.2070021275297807,0.5294926135973642,1.0126128422878955,-0.1297910430051748,-0.1576566948130462
87.0,-1.8742888388874768,-1.4580649931334815,-0.9717428070553786,-0.47161177315897906,0.04629483125713625,0.19329361986645394,-0.03288567945119408,-0.6733941732107116,-0.7110182316691275,1.0333765539784072
88.0,0.004498440875853506,1.9086105555879627,0.782509073453159,0.29718017166617927,-0.3077839154808882,0.5899543397122661,0.7468142958908168,-0.4994178922854468,0.49286104645268897,0.42328919388655195
89.0,1.881044501380241,-0.0224461739604525,-0.7688103924802412,0.5404449982132022,-0.009222049295569986,-0.08074166265350499,0.11668972031225973,0.08723443901619288,-0.12715560556600372,0.12783511270154924
90.0,2.7137035952721513,0.3552803254053109,0.03952426503587264,-1.4427194080967543,-1.2152446915181672,-0.29816361540800407,-0.05599212961869103,1.3014165903638912,-0.8926520649890044,0.532817290280248
91.0,0.5786605974773015,-1.5950651127747344,2.019306770040091,1.1478396770189863,-0.46362144643883935,-0.4846280023694231,-0.3756466831724433,-0.5216898302571321,-0.27573692613676876,-0.7684864448500126
92.0,3.0383982285582647,-0.00649051498689164,-1.8964040517858727,1.3272107031136366,0.12627409474529505,-0.2419496332609218,-0.07184808414950095,-0.0555798117341847,0.053753135197461124,-0.05426805800330385
93.0,1.2874743205338786,1.1325138859314923,0.5697273979240041,-0.5229889590484155,0.009545650352044854,0.20209743096640798,0.3832271408868152,-1.3433766586087617,1.0321874598885086,-0.33337618839900285
94.0,-1.9140455649909962,2.6935753067397696,-0.06409245091258108,0.6793103280261605,0.1823727818482166,-0.7082947002310607,-1.0502224774891467,0.1981639852639981,-0.26447647105085526,0.26992605370604544
95.0,0.22739804680222434,1.6177302479938993,0.27637251972814814,-0.28107961501119094,0.04492473541577532,-0.2347853274406538,-0.25092946768588154,-0.6379536421478751,0.4173084740670482,-0.08686175712874088
96.0,-0.5953417403698238,2.7171672745325774,0.806285541971605,1.2731949760045278,-0.4048272693492169,0.6091751260875672,0.8878534698209978,0.22642522838837167,-0.5177608199589459,-0.2915560688498339
97.0,-0.684653082316433,1.2202539503999212,-0.11502638640690988,0.6917305942942629,-0.36662393580446406,0.7380487544715872,1.0581126123966254,0.3541909150694564,-0.2477826797128993,-0.24676454876969772
98.0,-0.9242796719435543,3.281576864080627,0.8894706124532524,0.95997124568585,-0.34354712436056983,0.6161885423868302,0.9358940359963182,0.241583522035173,-0.17411412053745237,-0.34984372148468235
99.0,1.294648118140205,-0.6129168617323283,1.5871106779690598,-1.2895518470282488,1.3407381614796854,-0.7797786017581583,1.2976873575965855,-0.7665341727296002,1.4839802709840788,0.3719657909101349
100.0,3.0795221237279504,-0.02590487843727971,-2.117188429139897,1.7131042825981107,0.40977573213977747,-0.21481127378504103,-0.03950080742203158,-0.3625923850316449,0.29934225915637913,-0.16017645228800104
101.0,0.023658060373309645,-0.41042442414299524,0.4794021726214859,0.20388027362422304,1.6179427074006238,-0.6203832264789648,1.2974432860363223,0.16450276030761454,-0.6677013959340032,0.6745513433465364
102.0,2.1328995762179455,0.2349589671466081,-0.4725975004146996,-0.16660265905544047,-0.648441479379564,-0.13916794337884797,0.07301462424310387,0.9008540501325483,-0.6551919776988272,0.47596353468223174
103.0,-2.318815558384616,3.554950810315726,0.0075850868569136256,0.7327512890001456,0.10598441348253529,-0.008280338269130426,0.05846791664433376,0.7282745125301231,0.09416218480872811,0.2272201838008203
104.0,2.809711106288405,0.17098024105478682,0.2270860472653314,-1.9870735589604565,-1.5643830299469224,-0.4022325043574499,-0.1655469366053823,1.7319887501760534,-1.2672551357707802,0.6196992758842227
105.0,2.4273247200004247,-0.45660245574519,-0.43903101327033045,0.25580343939808087,-0.8111521579144418,-0.22135147228273724,-0.007755736288046434,0.5843042868757455,0.1757158028288297,0.9650009928235114
106.0,2.980283577569252,-0.025553066521754233,-2.000954738326742,1.6096847629133282,0.3726814189300775,-0.2038501633886006,-0.02597614688232571,-0.31939100488110456,0.2605279210309956,-0.13308423933036462
107.0,-2.1109127455951637,-0.9836576394020476,-1.1073066472700959,-0.5887968698160954,0.39648903712184347,-0.7814098992778541,-1.1382607724824685,0.023745464037834077,-0.15001454376540188,0.22711444018112678
108.0,-1.6333365776184527,1.7623977716104167,-0.3084135191619772,0.258200102060751,0.042828598628117893,-0.19782796059658525,-0.2544238245908718,0.36833922245310513,-0.044309536316562086,0.04806181383994327
109.0,-1.144733712888699,-0.5808477189406874,-0.8544846794049499,-0.7476213642722195,-0.10592177829658711,0.42427942577268196,0.19121292440015744,-1.1505095463622852,-0.3709524083956759,1.5806948462143267
110.0,-0.852568267201239,-1.6582625938915805,-0.4472103926982082,-0.47622306986847773,-0.5578370482401936,0.5748412582000111,0.8757860343773204,0.6916729941816847,-0.22335354043724004,-0.7189052167688764
111.0,-0.865199943425576,-1.9716694946001647,1.3373043223867067,1.1901459861926194,-0.45211258849621805,-0.5334140235988797,-0.7732295966321373,-0.594379683983394,-0.7528742899817261,0.29622588582539144
112.0,2.6898765891702703,0.07204005215188232,-0.6834028165181854,-0.3162664947731785,-0.5758204873231834,-0.27022986913455643,-0.056983824992425595,0.6514858692825671,-0.47486353559681826,0.24216837259970786
113.0,3.277999216045346,-0.026608502268330652,-2.3496558107662078,1.919943321967676,0.48396435855917747,-0.23673349457792195,-0.06655012850144322,-0.4489951453327257,0.3769709354071461,-0.2143608782032738
114.0,0.7960569001054778,-0.8157106308799058,1.6829057209828868,-1.1560069433163191,5.213902523501183,-2.60415018389951,3.088855713811182,0.8979891912846532,-0.06595575294290387,0.7035375484852465
115.0,1.922779547806634,-1.2535263996808734,1.7761404957397129,0.399365869017986,7.025745600822501,-0.6165864020135565,2.13230478951955,1.654125757693889,-1.0047754906892434,1.5306819754249672
116.0,-0.3259371514270819,2.323242454182724,0.7035387351788646,0.787004342684292,-0.3757824967990625,0.6800478946518765,0.864620761757523,-0.13774730971120114,0.18106780349237941,0.43598437906214554
117.0,1.6063303259637831,0.47087293049453327,1.3141185542053406,-2.303020673865814,-0.6193805124550729,-0.10612425479962313,0.08808874511081904,-0.7902229171107822,0.45926775450989804,-0.40664806562007305
118.0,3.2972754652930734,0.2702867879727538,0.3835343498734012,-2.5070983409363983,-1.49421433157992,-0.4829718373171199,-0.2394452783223164,1.1403184018637922,-0.7983450002084342,0.2666996590532387
119.0,-0.39023864618518544,-1.1992372250900785,1.0722104690677674,0.8674559944840444,-0.05174976637044276,-0.5878547654449529,-0.8416446143230123,-0.7030769010530092,-1.5302439594030477,-0.8887397158525825
120.0,2.8067376647314726,0.14916047584334194,0.1720409165863881,-2.018938463273624,-1.858418916609988,-0.4283688938965459,-0.1968061686719518,2.3204074867987354,-1.7064334162636667,0.8741039510144869
121.0,-2.399878210560019,-0.1132380922540363,-1.667884866798119,-0.9346603096458576,0.5443388994125625,-0.7171818388508943,-0.6190312679266615,1.5074326439423824,1.1964337178787046,-0.7443062822792614
122.0,-1.7832373582632355,-0.5965835543957423,-1.445126563069401,-0.8875791105544697,0.36109883676052046,-0.3560985439984966,-0.35306232224464995,0.6087458334617172,0.592147357517118,0.11697291232644748
123.0,-0.4013986710207271,0.8953879008137177,0.2614664761714447,-0.030841190210126625,0.10555306988138397,-0.06666555078274966,0.10346209041422261,0.07294367185194274,0.33660328775638876,-0.16340352046098017
124.0,-0.28372014300329496,0.4293378432828064,0.5426308122494947,-0.19614863542813923,-0.4518179758417197,0.02537909997456914,-0.09513432780183917,-0.3770791093955264,-0.3294439988823142,0.2510961963307468
125.0,-0.6313737596264757,2.4460662045462485,0.6861153481062567,-0.03530658135294813,-0.01611591664980609,0.2776218893619226,0.5232254925689457,-0.11331928680665836,0.7564204305389902,-0.07303228409356735
126.0,3.5624204689922077,0.23262943039019668,0.02596167163811887,-2.241514415300396,-1.6712657978004868,-0.5307431488128939,-0.2766525486005036,1.7549328077372042,-1.2051113621037564,0.545848638172694
127.0,-1.5398846249738254,-0.8132477907590476,-1.3750959031543544,-0.8438413481336394,0.2093647791577204,0.02938134715549789,0.49507799195195457,1.563298178139235,1.2582602386776505,-1.203514939959806
128.0,-0.9711075870211451,2.818638730038094,0.6356878765240564,0.019745075446825487,-0.022152298361257948,0.036119757970014,0.018943844640835678,-0.3862486409809309,0.636169339029319,0.2462950674240844
129.0,2.5813165217716256,-0.10122943976542069,0.277936596798271,-1.9588972127571214,-1.6125205543555892,-0.2833533525498035,-0.07991966890127078,1.5504438363261224,-1.4939813419343884,0.7237917664526956
130.0,1.9076651454220932,-0.921479990437132,1.079647130336621,-1.0177961895246324,-1.228404311257843,-0.34754354137830423,0.018908592426471908,0.8291277496900907,0.7390417616122708,-0.14613392984532894
131.0,-1.1335347655794692,-0.9891080127108443,-0.8115150657327793,-0.7567900095674823,-0.10051879546082804,0.40682228070703985,0.13809907995144055,-1.285440772495711,-0.49008182740357864,1.5911283325035823
132.0,-1.2999218983026677,-0.9055861025239565,-1.0702008056124175,-1.0395665051193343,-0.03016854678456921,0.42719802370047866,0.1703995838410861,-1.2627611952813267,-0.2636859055070183,1.7922716560350425
133.0,-2.105083723930029,-2.54441201701652,-1.742556158583345,-0.9344761774235321,-0.650343446586292,1.430406190815022,1.2720351603723952,-0.9753363240646039,-0.17953086414990405,1.3794435542623447
134.0,0.3587483013899879,1.0892088484062028,0.5096071870763826,-0.9666117197121619,-0.12694610874283832,-0.16156206389471717,0.07929066774489733,-0.01651985759580082,0.4014567179174607,-0.4193371816148867
135.0,-0.9170023259972647,-0.697666407797142,-1.8030441361261018,-0.5437186751764883,0.30593182731148383,-0.24243541915764014,-0.7455142022314807,-1.3224403384308743,-0.08063176943317706,1.7030760060283365
136.0,-0.5623217290601645,-0.6653916960624849,-0.541979796915785,-0.36178781921022524,-0.3893933978662443,1.1543794369159235,1.1493794858442177,-1.3397646743376161,-0.5066576692382027,1.704547623217908
137.0,3.590944991408102,-0.02613786099595009,-2.6055043770092583,2.093451977357056,0.5429793440261714,-0.27468939851574503,-0.09491331263620277,-0.4414198102670532,0.4148655642188583,-0.22144753607201004
138.0,-0.8217088024870826,-0.28660751574827287,0.4152493913631397,-0.2869905295470585,1.5644476354665675,1.6179234718437112,-1.9033236602618813,0.605693310408849,-0.07905452071452132,-0.21325102339230323
139.0,2.873429962967222,-0.025964293115707252,-1.9311473006117943,1.5746401950610296,0.36172108280143045,-0.19035276661790926,-0.018556885084798847,-0.34477936248921115,0.26098777568783127,-0.14308701687481473
140.0,2.6464405828090785,0.4118370797642687,-1.847951305445951,1.7787072215413093,0.34213274656650083,-0.09000845792888962,0.09208449784533637,-0.3669548986301124,0.28781265488185953,-0.18291700609644526
141.0,-1.4200053861919661,-1.98998250186097,-0.6112655366798916,-0.20804148078346385,-0.3623691173384559,1.038485718007019,1.0770990336078559,-0.8379574715487178,-0.9194879584443723,0.7981779144828246
142.0,2.9432511049841152,0.0030297381738186376,-2.3941474303867256,1.8723237584172567,0.5834780985432663,-0.3140450342700609,-0.14984605201130854,-0.4082752037491503,0.4890993056377898,-0.32049694783788335
143.0,-0.5869232063365406,-1.9939733669056081,0.9981055421908248,0.8869085268152258,-0.33157731794072953,0.24205916620611828,0.3082350687662338,-0.50956620556565,-1.527310149442542,-1.2410673162578454
144.0,3.682542467625822,0.005250365418622053,-2.4771656134138493,1.8673556098124113,0.5632104091223366,-0.29062544733536144,-0.1040760156540955,-0.6239125304518495,0.5595400951303952,-0.32156662196867886
145.0,2.7592776393361773,-0.050253148936360535,-1.8343832145172811,1.4670905070557476,0.06310482447264146,-0.09539643491522674,0.06286431691060496,-0.16525706894947115,-0.232649932500362,-0.0055726433392547505
146.0,3.264932142270838,-0.247778409426149,-1.0694676362957902,1.123399821608885,1.7505118235343589,1.876213677976932,-1.3851937965939678,-0.08581672290246929,0.4571482155083775,-0.26925416885453557
147.0,2.9657198586799702,0.2616694792588849,0.16074979446400453,-1.5821220013109787,-0.3319761941183716,-0.3187968615680395,-0.09542140758795441,-0.8157520383938923,0.6031228419213598,-0.5297531535542093
148.0,-1.1674384687721977,2.9881020863685714,0.5839413028257768,1.0783147509567474,-0.36226781162184163,0.696344900447563,0.9963278769246389,0.3533570907091879,-0.43388686140320903,-0.11194632955603814
149.0,1.354475251126079,0.21346778938747277,1.0179056621397986,-1.5959730165971713,0.019838917628921066,-0.047697974074280065,0.13176384117997483,-1.6038425282271378,0.9873041266427218,-0.7547764876007554
150.0,-1.169272777181174,-1.3818782877229903,-0.4760106291166648,-0.17309006127229748,-0.15193812956716604,0.6547960533805861,0.6339999496484298,-0.8487852983954121,-0.9544709736838796,1.0079797526883316
151.0,1.8738826878250976,-0.11061921360400444,0.9590462723827277,-1.9652034065818758,-1.6559986762104757,-0.3569236661531033,-0.18972311617185797,1.543984464980896,-1.6208039956307645,0.319062658430191
152.0,-0.8363604537444242,-2.0500860544246073,0.8280135449335838,0.78852296783647,-0.2700874613339205,0.2561349770002303,0.2977937218528677,-0.5563252662003263,-1.583399348429311,-0.9943605040878802
153.0,3.272401458736992,0.4726488597188089,-2.1375385134634337,1.8260898009497848,0.5625862747430075,-0.16993740916497874,0.009845420009785387,-0.9606414185564603,0.7714633346602682,-0.52361763145019
154.0,1.2297953784754212,-1.2619781980817821,2.33608093030207,-0.85161819965607,5.544038625396894,-3.113281079508153,3.2461867895809546,1.1611466066883351,0.5901449643483919,1.1811045562753233
155.0,-1.754899792008989,-0.6827835399072826,-0.6038415678024288,-0.16773076118672295,0.10012621867453021,0.008290591675927349,-0.2207529775213081,-0.5916352081263029,-0.7939896841264359,0.9039915437559317
156.0,-1.0664223075237003,-1.269677896616965,0.6593080329105677,0.6958826359053739,-0.03658319834714008,-0.5343939737010525,-0.8004253124596596,-0.4796592418106162,-1.3739665471111917,-0.9185711158080103
157.0,1.1419660148895165,-1.0197989670223222,2.5282779628804515,-1.2123493987379992,6.928844682464557,-3.502806980719009,3.95340403077526,0.9535116538239184,-0.5416308927256592,1.2194084493822064
158.0,-0.8807016300371581,-0.9344767708955053,0.9178037469831719,0.9124623209042749,-0.10559274149376968,-0.5426245879020544,-0.7826662062398858,-0.4282384996198401,-1.4330082063626701,-1.1635209542609495
159.0,-1.2701489208873915,-1.5655825728942472,0.9660998663415785,1.004586354464238,-0.3148023304850453,-0.7630780887751434,-1.035739033098409,-0.15247209978475748,-0.5635149677976168,-0.473137254531373
160.0,3.702486449698131,-0.006869696164110988,-2.5358574093258635,1.828500201483514,0.30205218790571275,-0.3195375667734119,-0.14449488080214157,-0.16491443831608005,0.207860851056906,-0.13762996597272423
161.0,0.9477035398591219,-0.3322321393917588,0.5381538919163212,-1.6774393053357735,-0.24136132532859292,0.02952974576621069,0.2590383977669153,-0.7752112503456012,0.5635528489274929,-0.655578722256492
162.0,-2.0880397484824464,-0.8353766118303715,-1.4181281593940522,-0.6925474773922681,-0.13856801561953302,0.4327704239734091,0.6349390930745646,0.9050545658486655,0.9792471728475085,-0.593500210813218
163.0,2.873429962967222,-0.025964293115707252,-1.9311473006117943,1.5746401950610296,0.36172108280143045,-0.19035276661790926,-0.018556885084798847,-0.34477936248921115,0.26098777568783127,-0.14308701687481473
164.0,3.3173817142508475,0.39292781304337115,0.034890733277983206,-2.028301090721605,-1.80859657025826,-0.4484066491782447,-0.17911316325992252,2.2520972784416253,-1.5170605380187019,0.8816622187971735
165.0,-1.572241245471104,-0.35845881703753235,-0.8797905850859039,-0.37017854500142694,-0.07081157450396952,0.3964944134278524,0.16854020803710415,-0.830198169289279,-0.5553077272682586,1.5607029301239315
166.0,1.2137674745392921,-0.3551282116337525,-0.6758058803869833,0.45033742181731334,-0.003679097646971935,0.002415179280531291,0.15614197308256472,-0.05397855264419562,-0.3564497514501115,0.19424976181217363
167.0,-0.4544447161992812,-2.7086294720101187,2.5492089626183483,2.1900822378842526,-1.4974729240286788,-0.3060595056342148,0.04851789669771189,0.9464570568713617,2.0255576391900956,0.5743367732204754
168.0,2.2663997657661272,0.002932510352092394,-0.9162088787342716,0.38290487509131654,-0.2613275113542503,-0.167806002171589,0.023093687326480178,0.400831539771994,-0.338777896010858,0.20110670293416985
169.0,3.656674710840447,-0.0063122709516089965,-2.454527437370182,1.7426029657248807,0.27043804276033623,-0.31532515476231715,-0.13467985116119913,-0.10901887936148645,0.1688165856031047,-0.10553636424286282
170.0,-0.4735502838806422,2.7421610523718183,0.9273924948993446,0.30045083202435,-0.23616554068441659,0.5553022123407282,0.7958749171034823,-0.288142732029094,0.5355983239624645,0.04979267531325548
171.0,-1.2581559255486727,2.0558963777960764,0.10819236890845456,-0.3180204967468965,0.107203038832438,-0.37729336522049167,-0.7134838034726223,-0.7087677153581903,0.46146814856857504,0.7372374714253337
172.0,0.24379770531051123,-0.6687059688383379,0.8414138486684525,-0.8841747595047951,1.2542156022466158,-0.4807733695427314,1.480677363251496,0.022140754763737565,-0.44863258518206334,0.5126119250372778
173.0,3.2856142844886773,-0.025845463758852164,-2.3032295576679997,1.851568370135192,0.4578303814781245,-0.23926978095217277,-0.060444729759264244,-0.3804054075740788,0.3376967426249268,-0.17726588770118729
174.0,1.9279754382331282,0.04976356131232724,1.2427335673037312,-1.9577183814638668,-0.27622143716154274,-0.22958136156497405,-0.03286998911613799,-1.2775718228535529,0.5445332349865987,-0.8711588575276016
175.0,-0.9291406972011998,-1.5942116434895504,-0.768872813457266,-0.3958910584554544,-0.4278637634954935,0.8827833296649438,1.234306775294859,0.3957552097956781,0.4270455229470212,-0.7232611427769982
176.0,1.151524326328149,-0.038263175723253856,-0.681833508747094,-0.037873890982642745,-0.3271995989300633,0.1611519898892453,0.3178140872325815,0.21151845521389695,-0.39803227229386984,0.6995424669951037
177.0,-0.8244045026570324,-0.7911444888980375,-0.6903372637206295,-0.600837221685348,-0.21760687295878792,0.5491454758310936,0.2944699404559122,-1.445538619320401,-0.598212893908345,1.5844102225991819
178.0,3.196034119405936,0.4427867103231939,-2.173024770862429,1.915436264829461,0.49008725548473653,-0.15907393309386433,0.031218920512035845,-0.6409692228543703,0.5482404181842934,-0.3493085645493483
179.0,-1.2670825162666561,1.0750886441245342,-0.19232032386142814,0.15662174355653452,0.04890153813466442,-0.08420593925118353,-0.19367568265317298,-0.11954737734749467,-0.15138235075460202,0.5539987406288546
180.0,3.1528669116036254,-0.005316249883460117,-1.9197852364026133,1.2938803191334514,0.11110045379288906,-0.25798331640586414,-0.07316194720484884,0.038398283632568676,0.01401908775840636,-0.007170289956767293
181.0,2.2663997657661272,0.002932510352092394,-0.9162088787342716,0.38290487509131654,-0.2613275113542503,-0.167806002171589,0.023093687326480178,0.400831539771994,-0.338777896010858,0.20110670293416985
182.0,-0.5972507188953137,2.6603168921723648,0.29509815678223583,1.0834703855170404,-0.32415154992028156,0.5795570235704566,0.9424831867943667,0.6173625022500209,-0.14066712973395304,-0.40344761941614526
183.0,1.6418073539266667,0.9632621734009346,1.522413540171322,-2.3089932106710465,-0.33439536981885476,-0.01836198692141176,0.21580316313551967,-1.4766376358883555,1.0299814703408776,-0.7489026590498753
184.0,-0.7402461438398805,-1.2221148188254958,0.4624111522882049,0.4570907310994067,-0.05567955072239524,-0.29363804534241505,-0.5592606449021893,-0.8230876290366567,-1.318635868764945,-0.12708181211723057
185.0,-1.5113915617343092,1.9891089750536384,0.16249860097806423,0.6416149610938093,-0.06519027069379914,0.3262308627937926,0.6365681736037513,0.7228758607854219,-0.05803407299640201,-0.4318543772643633
186.0,2.254346571292698,0.1793824189805896,1.356248279969322,-2.6766292047573046,-0.8039737231891387,-0.3106877512644735,-0.09590699973334631,-0.5552132546760515,0.15466980448619563,-0.5380027427183386
187.0,-0.4815480151536491,2.973737245598853,0.9975211042210791,0.7366923161251037,-0.40350618047967063,0.750593816021439,0.9931898624130209,-0.2232749957426844,0.21544202015897007,0.14142969206218922
188.0,0.2695037581414627,0.840674008540498,1.1735839614506287,-0.7646624835476101,-0.15342144210633904,-0.5080064946100051,-0.5281286054838307,-0.9913122393451365,1.5932994787644001,0.21951008036644634
189.0,-1.5140501844346792,-2.227480200215177,-1.4059412696460956,-0.6244901844310671,-0.452369370334528,1.146622427152685,1.6017245273209126,0.759736637656643,0.6884886437276448,-0.904076722817912
190.0,3.0310767276405457,0.2649393070015264,0.6470060569090342,-2.682884945520539,-1.509170002722751,-0.44329195243095354,-0.1893254147602967,1.1718164108176112,-0.8330016157077514,0.31434062942199076
191.0,-1.4896467986701611,0.9539005646015849,0.11023293120449054,0.4476859282009167,0.10512695620543576,-0.3920705356786029,-0.588485723581804,-0.09695284866704298,-0.5604691220599488,0.08524867600416838
192.0,-1.5042581786834368,2.6190889359183394,0.12289259313038167,0.21988686670481383,-0.05800872933265966,-0.269830976543313,-0.6256713064114873,-0.36130463015924025,0.4394534002785547,0.6772928905705032
193.0,-2.122420503720988,-0.49720955785449045,-1.4850364865375005,-0.9002213907191631,0.6375611914637432,-1.0101828183819468,-0.9423379378411354,1.5042406924293452,1.071612242105815,-1.0524999277818436
194.0,-3.0633482910118297,-0.5169720526879455,-2.2939815797866707,-1.4088065434764265,0.8133511085422952,-1.6547628780617791,-2.2698615288151633,0.7196402769903472,0.9548781190803748,0.29680090695692796
195.0,1.3133681875557839,0.5744258440245266,-0.7116261139231642,0.006741699109925932,-0.07678515925746786,-0.5410692329188305,-0.7197016823342511,-0.3012206791331387,0.02067754233389721,0.5137341933980651
196.0,3.1528669116036254,-0.005316249883460117,-1.9197852364026133,1.2938803191334514,0.11110045379288906,-0.25798331640586414,-0.07316194720484884,0.038398283632568676,0.01401908775840636,-0.007170289956767293
197.0,2.933656049619948,-0.16617180495596987,-2.3661123728192655,1.8592582905137451,0.44685502550524936,-0.06445513431546532,0.06553807185039201,-0.7080010784221517,0.34459516708554705,-0.03287313720212299
198.0,3.4391499898821873,-0.14922795208038356,-2.6271998125620275,1.8970220890025276,0.5655413449903252,-0.1863228328253153,0.027563463504124423,-0.6229449747537729,0.8056001074490212,-0.5922256956983283
199.0,-3.266227225476471,0.18480100336982214,-2.1594302343146685,-1.2432038576555307,0.9187155805198127,-2.039456942389802,-2.828171743876856,0.6862530663257583,0.8901885511606911,0.37406477624408885
200.0,-0.35062511935517005,0.5356066692940886,0.8727934187083742,-0.1714112657594403,-0.014044057338663665,0.0268708008488702,0.20168398432485735,-0.5597327870747684,-0.20889550997561335,-0.7987418988132293
201.0,-0.4757583307523871,-1.2774495456333446,1.0021924204882904,0.9210180955025588,-0.3023871404678733,0.1676593756344068,0.27885840514795424,-0.29685512639926637,-1.3323762102076715,-1.282207438606107
202.0,2.87178939377904,0.09007708032609557,-0.47139778677644883,-1.0323071384245464,-1.4094588084535955,-0.3843864695521422,-0.17148576500775134,1.9174006465204345,-1.4063697006496305,0.7333967801604917
203.0,-0.865199943425576,-1.9716694946001647,1.3373043223867067,1.1901459861926194,-0.45211258849621805,-0.5334140235988797,-0.7732295966321373,-0.594379683983394,-0.7528742899817261,0.29622588582539144
204.0,-1.1128500574766147,-0.634090422927008,-0.8456829701144039,-0.8777917583656812,-0.1121706199521323,0.48876367036438484,0.23672467082454782,-1.3171255217014575,-0.24070282740267435,1.7499145658521278
205.0,1.7081859204055356,0.46196672093851116,-0.21710118067673043,-0.1775551887997095,-0.7018344016938154,-0.06425300814337973,0.14806717389044247,0.8838624551388206,-0.713259347934117,0.3855567373722322
206.0,-1.2089067569059755,-1.263301611948123,-0.6266614383983848,-0.14743261859829948,-0.00711069582229834,0.1011851924352787,-0.17041411294940598,-0.9145983234085379,-0.9779262621310415,1.0431554678265718
207.0,2.388787327641931,0.20691198612840844,-1.1039311309952828,0.6973518179337748,-0.14215599291730668,-0.1220826782505013,0.07564766434970575,0.27215310951891125,-0.17163939304787063,0.20804506497393122
208.0,2.3474173749001395,0.2939943120631782,1.0098718875550858,-2.3954051029841334,-0.5191373673280008,-0.25293256486407084,-0.0221222843122642,-0.8330145730421995,0.5546453915196502,-0.5144167297515965
209.0,0.5564026789853618,-1.4674259484273646,1.6802753711426177,0.7540140720892542,1.2526660979804485,-1.0106105507344159,0.9806838680433067,0.29279409890586944,-0.2378160225148722,-0.0428744238106258
210.0,-0.4185120054328794,1.7705335985092687,0.6546262021030623,0.7539920597986856,-0.39213287804560765,0.7166629093994722,0.866215216537814,-0.3065112482120215,-0.1082452543852312,0.4615251187637368
211.0,2.774191416808524,-0.02561248120018178,-1.8149136097986385,1.4712206753762467,0.32462676959173037,-0.17939165622146874,-0.0050322245450929995,-0.30157798233867067,0.22217343756244776,-0.11599480391717829
212.0,3.1528669116036254,-0.005316249883460117,-1.9197852364026133,1.2938803191334514,0.11110045379288906,-0.25798331640586414,-0.07316194720484884,0.038398283632568676,0.01401908775840636,-0.007170289956767293
213.0,-0.865199943425576,-1.9716694946001647,1.3373043223867067,1.1901459861926194,-0.45211258849621805,-0.5334140235988797,-0.7732295966321373,-0.594379683983394,-0.7528742899817261,0.29622588582539144
214.0,-1.9790202394693925,3.277550841117475,0.005802883569346565,0.8431952897470827,0.2246611910173024,-0.302710095442283,-0.22596102748031877,0.8992046045665181,0.043933308603472596,-0.14038018592759302
215.0,-0.004055529265161361,1.6440515715567923,0.4895161077947873,0.37365016060522194,-0.327298493455377,0.6503913763953921,0.8120029590015433,-0.46111576400121174,0.19857878489332767,0.5043936797333952
216.0,-0.4686821208945436,1.0704875040589066,0.5050902663024602,0.5860380434418297,-0.10042080379193966,0.12803889196695642,0.30141257609370364,0.11868629072536685,-0.25261967400795526,-0.2854236411877391
217.0,-0.24559285892604435,1.8035859516992845,0.8678141902902273,0.2617413166263126,-0.20131873329287683,0.3705038084632045,0.571007849510943,-0.3449075118109495,0.2082604283659912,-0.17604532010423604
218.0,-1.2792956524909753,0.3031771123125322,-0.4277766138151131,-0.001509250604434563,-0.19772733970806664,0.7467306692277953,0.8994997750843644,-0.16339781185590818,-0.16939429319458615,0.6982117745406248
219.0,-1.931361455697242,3.4653040276231475,-0.03355489192388814,0.7501078145477852,0.1842594694815035,-0.20569645869538492,-0.12881081580567488,0.8468230512262569,0.22548900744676112,0.06403452820200703
220.0,-1.3601415531759122,0.26192310002207825,-0.6556535776965254,-0.12268931605767215,-0.3799262567977945,1.1362744506888944,1.3267217718438151,-0.237980070496134,0.003083462457772431,0.9346205293699171
221.0,-0.8203178614024594,2.2161075925452463,0.3123058020496392,0.5165456125747879,-0.056651375155693094,0.28976491157109197,0.5099803170254759,0.3536251735455324,0.3748480950804285,0.1931964816133228
222.0,-1.7205056783044943,-1.3865585756325416,-1.2731664449215843,-0.6096352814902058,-0.39542330753898536,1.1177108080014198,1.5403528576128511,0.6999251136463165,0.7077217030746495,-0.531558144382517
223.0,-1.7071592453296913,0.3597754307599175,-1.2795645525916803,-0.6328795776628501,0.4971365432704185,-1.4041967890570377,-2.264632620534192,-0.6335100154808992,0.018694657968232574,1.4531846075356074
224.0,-0.18585258090938,2.525121318665161,0.7553118303769443,0.7114102651778212,-0.3535672194004294,0.6446004132091845,0.8720780532824777,-0.18346993302405784,0.17920663545314602,0.18754049695840636
225.0,-1.6393045068084817,2.5727102948868894,-0.08710703923058573,0.3231472476906069,0.15167966260171614,-0.4696772948652453,-0.7832938830228906,0.003950132791029579,0.3621636955673602,0.8035531819015694
226.0,-1.0215563386253683,-0.9117760731468584,-0.7246713897562961,-0.6477616093212846,-0.39058099756182063,0.6018898165647035,0.707591563813461,0.003377102735315851,0.7760390642931311,-0.3896657233169118
227.0,-0.8188442290644579,2.0648245051735286,0.3028666245393005,0.5561504176487333,-0.18857596273434868,0.5103922790577071,0.7142071877243781,0.1258320529159697,0.12389940170478232,0.3627583616153289
228.0,-0.9930007651119378,3.004261887678723,0.5865908655394911,0.8901562577742334,-0.22090031071720934,0.5382893982619321,0.7993281590209331,0.3639638012639357,0.19092623502432043,0.14883567668743625
229.0,-1.022320438375656,-1.8148002909244425,-1.2982477124830947,-0.7579189201412654,-0.6319446401545993,1.3013088397089736,1.8147941146812134,0.7973916703743527,1.1648093699249809,-0.9696343610013503
230.0,-1.3272287585644047,-2.727481644461017,-0.5724720954023752,-0.1150083471347045,-0.9760376872191113,1.2301945026722336,1.7257959079672074,0.7738296433098847,1.27893371644831,-0.5879245546133941
231.0,-1.6531913973098,-2.217263199062699,-1.4076209984060586,-0.7560523895785363,-0.574607596441947,1.0736430114699145,1.1977593112871388,0.06494110010964325,0.4998372166709174,-0.20153852471598255
232.0,-1.0661521903125033,-1.6458043610916302,-1.2913790511930807,-0.762375736163903,-0.5008017351809056,1.058467638139724,1.6031196217182764,1.0844233662433005,1.3095434358056415,-1.2622595604093354
233.0,-1.7115139897150553,-2.307931221570443,-1.402305388180903,-0.740819512868708,-0.5888267152233944,1.1110198292773479,1.2250651902222554,0.008657521761017086,0.42418517217357526,-0.1651738982690833
234.0,-1.2839060461363248,-1.6487056622598528,-0.8421821104142493,-0.8265092156673828,-0.26692594606219533,0.8889134857592011,1.133200366700655,-0.20745199893036184,0.24087279278834123,-0.06097926247398893
235.0,-2.034064684598962,-2.8698476299526874,-1.1187586727222594,-0.47004535507245926,-0.5401211225821334,1.2749204185425473,1.7028501893320271,0.6034044488849648,0.2648172141367004,-1.193286701084119
236.0,-1.955271797554883,-1.7411742159535128,-1.3003389850823046,-0.37648345918681375,-0.5100576075705797,1.2754837343089136,1.8014456872955218,1.016698657088604,0.6488608064415073,-1.1908615833354732
237.0,-1.7813013542882445,-1.2681144388219423,-1.0095150920835045,-0.45807827504468346,-0.0022187389532333456,0.30531454994261953,0.7556287488068387,1.307699049271133,0.6782328989447606,-1.4660699994981898
238.0,1.3229606271339025,0.713708759374031,1.4696232015034727,-2.11259177697441,-0.2714499434913436,-0.011773773098905255,0.19652714697010246,-1.4683510226168874,0.9217052089874932,-0.7750924290200442
239.0,1.6711620907369567,0.7728059046515213,1.2889195137343845,-2.503639851345904,-0.5011767335685295,-0.2200382897328602,0.02550863094935681,-0.776204135222657,0.6639648810023169,-0.6345700025525618
240.0,2.0147764701137607,0.3630185661102193,1.1733322298743203,-2.122452322311917,-0.6630225013697241,-0.23323845335708177,-0.00743850677736452,-0.5351476772643745,0.11458099177936464,-0.5755562360510839
241.0,0.5383281985128653,0.7488185228286546,1.046093624331256,-1.9442844620017774,0.185176719173903,-0.45945034352059944,-0.5234000255926625,-1.8152785854299196,1.1725652973809966,-0.6427593177905914
242.0,1.4758724206525338,0.36903269665061816,0.9624933011821157,-2.798766847044704,-0.3434853014551065,-0.7248741305373652,-0.7730859404835667,-1.0199797336224088,0.6568258978854297,-0.3529240590463431
243.0,0.5383281985128653,0.7488185228286546,1.046093624331256,-1.9442844620017774,0.185176719173903,-0.45945034352059944,-0.5234000255926625,-1.8152785854299196,1.1725652973809966,-0.6427593177905914
244.0,1.3847229914347685,0.7700175565127,1.244631850432504,-2.5450870216085284,-0.19643416902878014,-0.4665612487198881,-0.5225490217786112,-1.7204783316969003,1.0696101805131795,-0.40459186081432635
245.0,-0.2660460571890008,1.4168319677142092,0.6391265972312095,-1.0198428573689953,0.17042994956192975,-0.3880232025360754,-0.4222216541957374,-0.9119325964384245,0.765403986765755,-0.3773009318016907
246.0,-1.4572474842498682,-0.4195617224625246,-0.6861093198571213,-0.23913836377054634,0.04555310690235852,-0.11000515749054579,-0.1181863299084115,0.27045588015538063,-0.02768764164245987,-0.2417486465383287
247.0,-2.139479764163752,0.03675568809809888,-1.5373100008689995,-0.9736937367973819,0.8680212042883435,-1.522189121834421,-1.7351574258682085,1.127019371956829,0.87110868457298,-0.33466717127930845
248.0,-1.768998772635819,-0.10949401484259624,-1.171542877414309,-0.9333927251288824,0.305755434896982,-0.4043990369775455,-0.4217886628470664,0.5250766112819042,0.8293096958534347,-0.1951045895615479
249.0,-1.1792295777242612,-1.3137408085246105,0.12566058343533287,0.3225492197428262,-0.08833502647822969,0.17883960767283763,0.3462827719653071,0.10944140239247613,-0.7728212570770094,-0.9098725777309598
250.0,-1.7813013542882445,-1.2681144388219423,-1.0095150920835045,-0.45807827504468346,-0.0022187389532333456,0.30531454994261953,0.7556287488068387,1.307699049271133,0.6782328989447606,-1.4660699994981898
251.0,-1.967271859437389,0.7224802380990065,-1.1137140457052508,-0.5926666294625398,0.5430024810262963,-1.6872153703054262,-2.539507239955804,-0.2311604643358419,0.265522544002189,0.8087765326966149
252.0,-2.115620702471732,-0.6933501403815754,-1.4356914133455085,-0.7474262851581258,0.14110206993898572,-0.05253392281514919,0.13827178128380768,1.1760081860573117,0.9823261688047995,-0.8163608625853542
253.0,-1.7545251869450083,-0.08631492257126701,-1.0124276460078234,-0.5105116100291235,0.4060879966066296,-0.22002756083299874,0.0880637009407231,1.154091553694201,0.5820596163831263,-0.560661807989419
254.0,-1.0771373579078616,-0.5123140192761393,0.8882136664205084,0.9336037962744114,-0.008172461043090381,-0.5217833963560217,-0.6551699792401563,-0.14614438346586983,-1.2833978603665688,-1.2003676461590598
255.0,-2.098827689218879,-0.08850258833215202,-1.224780066282674,-0.7052531076773537,0.6946031411463711,-0.9973974113674317,-1.1334077351937881,0.7191723256541853,0.38899399836506104,0.047718777379419736
256.0,-1.8517134293570074,3.277149357160595,0.17587481712751377,0.7674147432716383,0.011392996261298615,0.31405879832658745,0.7043065123950396,1.156943121615528,0.41304878556286234,-0.4213482868545941
257.0,1.0368742050465063,-0.05540717686638617,1.4087045676901178,-1.4567231968791619,-0.0047511915616844,-0.08193683438194144,0.06372748738780355,-1.7130417533059752,0.6794509098073198,-1.0337708571925346
258.0,3.0330969318723713,0.7124997981886416,0.5405142583137034,-2.347344335518908,-1.4478260241728924,-0.3701818808080203,-0.10878758724887087,1.0024072076473638,-0.680323216625777,0.1869531856528644
259.0,1.8521455764599821,-0.38521032933755656,0.8162817849999435,-0.8067343491448575,-1.6911363236383052,-0.44363864389108437,-0.2304819502455366,1.894120477003951,-0.8363641014452096,0.9999635446485874
260.0,-0.7839917076272938,-0.8851658661192615,1.4643881694115657,1.0482595970580557,-0.3887492304152587,-0.640900794183391,-0.819308408677156,-0.3313273510665607,-0.4131362227838164,-0.6194054654907569
261.0,-0.6983597556327392,-0.874327793492378,0.6969270019002322,0.3792816533543062,-0.09734804066794978,-0.4061057474716842,-0.6662724708231152,-0.7859089715514652,-1.0681830542814692,-0.6636418575511601
262.0,-1.523697137527333,-0.7034174599918868,0.35495100258780327,0.5390248788592061,0.19283179802666292,-1.1259721202974677,-1.6034250231335987,-0.2889100311577171,-1.1541111763952867,-0.8581880390823056
263.0,-2.2390994658956425,-3.0998106482697785,-1.3015006466968362,-0.5683301010421566,-0.6089921857116121,1.5128325524539192,1.9084419818302945,0.3706719820273546,0.14386776344088437,-0.7956395567638895
264.0,-0.6186136414303236,-1.606269823160465,0.16239946420671592,0.1272109719686409,-0.5671764226283319,0.42880845319878297,0.5570228376604331,-0.41824104741703966,0.4857337249374088,1.2477440085370168
265.0,-1.0582461325140018,-0.41345468256678053,1.1120739938297646,1.1559731821937147,-0.1401248701552606,-0.47887417296995866,-0.7113202852276368,-0.41365450783944074,-1.5726491704051742,-1.1623967497906222
266.0,-0.43309302298234126,-0.23561066930535943,1.0693868191130205,0.5139984612892169,-0.1259888531755488,-0.4807857533200677,-0.34005695572471906,0.4055822457195644,-1.3375944748206277,-1.3169222691856535
267.0,-0.8353930715313398,-0.6387985188065444,1.1605798279005028,1.1221642297967747,-0.16110867422642164,-0.3183567769123553,-0.5486718486086946,-0.7144471152820915,-1.7462176040363875,-0.7715811278604426
268.0,-1.0771373579078616,-0.5123140192761393,0.8882136664205084,0.9336037962744114,-0.008172461043090381,-0.5217833963560217,-0.6551699792401563,-0.14614438346586983,-1.2833978603665688,-1.2003676461590598
269.0,-0.06724770288107064,-3.223127478708377,4.000367490613938,3.259734091701401,-1.8254765910220097,-0.9923611607792489,-0.7646349577447796,0.7600778670318675,2.2365832732666453,1.627696342401839
270.0,-0.176227536377382,-3.222115683988822,3.6664499712339067,3.0169620969589435,-1.7690110199782747,-0.8398917190161317,-0.5713383551245974,0.8499311037605966,2.2304161009543124,1.3337030587425958
271.0,0.01615515021781155,-3.065623115645449,4.028676301345576,3.2526412788746177,-1.6900464184017725,-1.0989884712783298,-0.8725618841622211,0.7968239401203729,1.9815475361999133,1.1520866800800451
272.0,-0.008601908532959234,-3.212541814832567,4.022495912965007,3.277839917165498,-1.9167932638967908,-1.0752901570081204,-0.7531746879156713,1.1758832279730753,2.8552722776238877,1.4828279187754785
273.0,0.5587279290057627,-2.5609636105374824,3.5347193779730435,2.709359826996791,-2.017727377895366,-1.246937278416985,-0.9055342793956642,1.678371087208961,3.0273479746568173,2.1978262385468454
274.0,0.32170695720559717,-1.6586906299066677,1.4893233085329416,1.9182032881103865,-0.4257522652712952,-0.5895463171750923,-0.48375006736691956,-0.025968716046665303,-0.09617830495980642,-0.4531729754724523
275.0,-0.5397756307541223,-1.1235436874031959,0.9275699409529644,0.769138504975821,0.038515406881115585,-0.6777430776925389,-0.916151552222451,-0.5459476003215231,-1.4066174095816975,-0.899611826251284
276.0,-2.0418499782844775,-1.9645513101751402,-1.0910189599819518,-0.20203432966797505,-0.5122821383483392,1.22445568943471,1.732383289472834,0.9680132322030834,0.3915500346506127,-1.4066855954212054
277.0,-1.60877253605373,-0.381314914805909,-1.0740962345321068,-0.8501577658296942,-0.02197693538406737,0.1147219146859026,-0.39298375124076945,-1.3817883551205534,-0.368192829279146,2.0068014633666023
278.0,-1.0374306647661382,-0.051562631828585295,-0.7999137725886697,-0.5136049636974743,-0.03529183534880141,0.4994872046998076,0.745954929901712,0.12557574457752194,0.30744824897031064,0.19681118211866794
279.0,-1.704088037737824,-1.6253825075981962,-1.255550205900401,-0.6813704010600635,-0.22745899655258994,0.48776393700117066,0.3291139937584986,-0.4490647497445303,-0.07902693574830821,0.6899492126241515
280.0,-0.7662343955331468,-0.00020027736189863338,-0.3947836955244703,0.11229080346840144,-0.35731730672187295,0.9746328996488274,1.0328097499507969,-0.7697559718532848,-0.6249918920493757,1.2632089423968753
281.0,-1.2449266741489362,2.2695333238228566,0.40995935304735415,1.1625936759808622,-0.4075558922115802,0.7492286350623676,1.1337974553746124,0.6530792802357982,-0.4052495390323791,-0.7246176826829629
282.0,-1.2101103242234552,1.4347994166374012,0.510798631036397,0.8876404975073393,-0.2212694823024147,0.3850659989679809,0.658856347174603,0.4189851844291186,-0.5928403117625471,-0.7051999162948263
283.0,-0.9905489500793337,-0.5615412304315589,0.39536761978676643,0.55049032053483,-0.18862591007181817,-0.194235151115068,-0.3838024182445947,-0.3712857198002778,-0.8842829462024598,-0.5980954679725138
284.0,-1.8855110033711344,2.873272286998238,-0.018769933967399954,0.6024949249441558,0.09757980748491418,-0.5055544685866703,-0.7358148835123025,0.2904395564872923,-0.2170062987694253,0.18687153093563305
285.0,-1.82895263283024,2.7616566726081455,0.255188177418817,0.4836470739708146,0.06509278055904355,-0.06907055531881898,-0.04765253907421292,0.26100430006183295,-0.04585739367774659,0.004724662958497998
286.0,-1.1141238335479378,2.3394365894700764,0.5144519966766903,0.931307031029088,-0.25403638554952634,0.4468551964757768,0.7809339011640076,0.6270031171070494,-0.23264252350392015,-0.643632409149678
287.0,-1.1753281308840253,1.8950372352454425,0.07774386537031057,0.48133922249957506,-0.29867006040115923,0.8664177631492235,1.0372322067251245,-0.16054441546428982,-0.08506111873989129,0.8791987205458837
288.0,-2.038847661753747,2.626551521124515,-0.25235298665622985,0.38292325020366375,0.27436891034768485,-0.725679275216119,-0.9558894723799523,0.47694147071693493,-0.052874603221405816,0.1363201893427592
289.0,-1.3968874957322372,2.511214303943693,0.1762099222329699,0.6743609325327938,-0.13707721419668234,0.1355193646029434,0.12870306136151322,0.12887990162944127,-0.26688597531439756,0.27687114637114435
290.0,-1.8529431329930743,2.0817047426597117,-0.07075902841322229,0.5291519473867344,-0.0010942208024138907,-0.08037082823571423,-0.19590005185702397,0.09506147900554796,-0.45099668282254907,0.34588839841434843
291.0,0.04675355606388427,-1.4505149784281188,1.9111635433242435,0.9882574068064036,1.3270162552931632,-1.1706257047405266,0.74591648545114,0.35376731826593905,-0.6303848291646198,0.030171324566431883
292.0,-0.3323933769500775,-0.8522732567971628,0.8546980963954316,0.7155217952265186,-0.10782212937192262,-0.046919296997876676,-0.0073740775439631425,-0.4031687963966144,-1.131235592397885,-0.6844593106749327
293.0,-0.048796312859913316,-0.3849374284601334,0.7299860019127319,0.6018284077600023,-0.24185241802219895,0.15760047110596925,0.28039082855798425,-0.2284223843668117,-0.5808305700374973,-0.6726462237109437
294.0,-1.908037908269916,-0.8731456919037714,-1.3961822427338335,-0.8218204902092211,0.1978415398889179,-0.5951621225493867,-1.135379527452028,-0.4628335189213099,0.011874143238521099,0.9595447996504292
295.0,-2.245359560628815,0.7741771028366021,-1.2850082508631377,-0.6983794021366323,0.6927029261863067,-1.8540385723428043,-2.686706269062431,0.01449322858812825,0.3857965364408077,0.7187150113368688
296.0,-2.4158523753260868,0.019706441677254244,-1.8343427353712616,-1.2666491232248829,0.7846574951422268,-1.908332049318143,-2.5814258215126986,0.5028305641681938,0.9779364849992155,-0.06102234193898573
297.0,-1.608449852139291,-0.7960471618389506,-1.0150398450174756,-0.5778652952778995,0.36147674626286525,-0.2748339695673943,0.09649867235900221,1.3797089026585303,0.7432320878294941,-1.2057634753101556
298.0,-0.9934730043216432,-0.6635705990994287,0.6556420729988172,0.7123457513574478,0.028939466644936594,-0.6638382619628783,-0.8906525162153879,-0.24727900164674,-1.1866243190115109,-1.0007555232864846
299.0,-3.0071025973873144,0.48912447763422745,-2.0735160157495587,-1.0141937243152044,0.9038248189864152,-2.0015245190139566,-2.6358648026492073,1.0392160962835528,0.9649115040974126,-0.06671069162133102
300.0,0.086652219013627,-1.1835827328096948,1.1900220325057338,0.9507666951411713,-0.5976116996171262,-0.05678915800785726,0.04336100096066007,-0.22486243361717304,0.06347141451793406,0.39570478588335345
