user,UFeature0,UFeature1,UFeature2,UFeature3,UFeature4,UFeature5,UFeature6,UFeature7,UFeature8,UFeature9,UFeature10,UFeature11,UFeature12,UFeature13,UFeature14,UFeature15
1.0,0.018766662,0.0144274,0.0665017,0.030247537,-0.011820243,-0.042381275,0.065025784,0.0005914633,0.03828949,-0.0880596,-0.094437115,-0.022498082,-0.12588039,0.06633562,-0.00862104,-0.062180653
2.0,-0.08081418,-0.061331593,-0.087389335,0.013553963,0.0996926,0.039953023,-0.12201969,0.11801456,0.06491981,-0.048352513,-0.019356513,-0.03225157,0.07939342,0.009023107,-0.016476044,-0.030678814
3.0,-0.1546384,0.079462714,0.010439935,-0.07870685,-0.12248364,-0.17297195,0.019475412,0.033864815,-0.08402163,-0.10373416,-0.07893872,-0.100467056,0.016857833,0.024957588,0.09549559,-0.014419949
4.0,-0.07222538,0.011590827,-0.13790831,0.10465466,0.10672437,-0.05329779,-0.0049321833,0.06629611,-0.06833879,0.18301013,0.090898566,0.083664246,-0.025967166,0.0663757,0.031875536,0.17498654
5.0,-0.08309215,-0.0032496979,-0.13623524,-0.11988085,-0.15508753,-0.061729956,-0.11937269,0.07400658,0.020698844,0.0069320593,-0.0026540654,-0.09718056,0.006519743,0.0007686991,-0.05046788,-0.073088385
6.0,0.08918337,-0.019072402,-0.035189137,0.056837816,-0.10038243,-0.00109468,-0.16651791,0.03157791,0.104313135,0.107875004,-0.07365888,0.013563299,-0.059944704,0.13615148,-0.1583703,0.08479963
7.0,0.029464165,0.035680268,0.072603725,0.10823335,-0.07975325,-0.0014370244,-0.046419762,-0.024990177,0.0686698,0.017819077,-0.04434755,0.09226479,0.0076739844,0.011869083,0.00040370613,0.19026484
8.0,-0.10657965,-0.026450768,-0.015054337,0.04178644,-0.0678239,-0.06242972,0.059277434,0.100770324,-0.04921501,-0.004319446,0.0043443493,0.05895768,0.028565321,-0.19320159,0.12924981,-0.057459205
9.0,-0.0951046,-0.07564054,0.015376264,0.023010567,0.07383605,0.058157377,0.035522442,-0.015686173,0.12280342,0.0651971,-0.0023616,0.0745136,-0.09458379,-0.0047638672,0.091239296,-0.003271636
10.0,-0.09493721,0.11168497,-0.17194355,-0.15658367,-0.07956645,0.03488185,-0.03107631,-0.106645636,0.043625742,-0.009165898,-0.046582628,-0.06995572,0.0049094292,0.021623744,-0.016601088,0.061429992
11.0,-0.056212902,-0.046537697,0.05628167,-0.115433484,0.11638187,0.15348957,0.0005314179,-0.14366701,0.14044398,0.08054712,-0.16147518,0.0194817,0.11051949,0.03157067,0.16463032,-0.024052676
12.0,-0.03482341,-0.060761463,0.0043955096,-0.05012015,0.06206738,0.07911953,0.074762434,-0.15378088,0.0072322837,-0.11434432,-0.031109737,-0.007990078,-0.10034029,0.0039821183,-0.041461457,-0.062934555
13.0,-0.002885642,0.09655819,-0.06784592,0.02794779,0.010146979,-0.112808,0.044751167,-0.10678714,0.03704503,-0.029616177,0.08693511,-0.09379723,-0.09137453,0.2089154,0.047007587,0.00030290586
14.0,0.060889702,0.020470321,-0.093307346,-0.06059414,0.06646195,0.12724921,0.010646782,0.0011341951,0.018469207,0.067959234,-0.09898787,0.1410205,-0.07372313,0.121820815,-0.101604834,-0.055681903
15.0,-0.14077982,-0.07245384,0.1099969,-0.02001279,-0.0011968529,0.00429081,-0.003116494,-0.004911604,0.017606696,0.06089844,-0.07550775,0.042244427,-0.012247278,0.08946088,0.14120266,0.075521015
16.0,0.035360746,-0.019893225,0.021356039,-0.021002261,0.0655588,0.0463386,0.1627209,0.10362221,-0.18996795,0.13652644,-0.11650166,0.05585391,-0.0048011485,-0.045784704,0.006747057,-0.02376034
17.0,-0.080611266,0.14284398,0.07424912,0.056181636,0.14943366,-0.063628756,-0.0722061,-0.01084441,-0.0862966,-0.09670716,0.009569015,0.13749427,0.050265554,0.0794008,0.0592856,0.011394674
18.0,-0.12346528,0.006936329,0.041095,0.12714818,-0.00035038672,-0.03783146,0.120095834,0.12513188,0.01698818,0.04267049,-0.054519586,-0.06411741,0.04201103,-0.073509194,0.034804042,0.1651985
19.0,-0.14705656,-0.13117413,0.08605875,-0.04877709,0.04466945,-0.024632536,0.08313517,0.072599545,-0.0026387705,-0.16076994,0.060389988,-0.014559511,-0.054175988,-0.017519489,0.016452475,-0.07809684
20.0,0.053293552,-0.037775815,0.04340546,0.052508365,0.062830456,-0.022416947,0.045525193,-0.0098866,0.026983451,-0.050656773,0.029201902,0.09193775,0.0074119973,-0.109044686,-0.053795002,0.11316337
21.0,-0.039021913,-0.06966939,-0.01948474,-0.14187284,-0.03549447,-0.016961697,-0.16525738,-0.137819,-0.003139082,-0.020973263,-0.08684823,-0.14311899,-0.046842013,-0.011985501,0.053758673,-0.07041171
22.0,-0.1941376,0.09811767,0.06622746,-0.029212747,0.109198995,0.10783727,-0.011386451,-0.12619156,-0.05394033,0.12808503,0.09728864,0.060745854,0.01125644,-0.03468312,0.09025559,-0.01931229
23.0,0.016095068,-0.056085452,0.119857095,0.07344428,0.0035389622,0.021877533,-0.05806677,-0.053668845,0.03428117,0.019214116,-0.07370515,-0.07675189,0.022643056,-0.054713305,0.06004615,-0.0006590711
24.0,0.070934065,0.18999702,0.04292204,-0.06650668,0.012850701,-0.12597749,0.01282071,-0.052339498,0.1391192,0.07938253,0.10561786,0.028391916,-0.14140695,-0.17364673,-0.071563184,0.03930796
25.0,-0.0947448,0.105413996,0.039765295,0.17661603,-0.11681941,-0.072001,0.11919691,-0.17592363,0.10950717,0.09792936,-0.03904411,-0.10111904,0.0063717407,-0.08990367,0.08566754,0.096125625
26.0,-0.037156686,0.03280126,-0.047790628,0.084321596,-0.012652987,-0.12511446,0.06087904,0.15519086,0.10089009,-0.12088412,-0.14162488,-0.040738344,-0.06115727,0.06337717,0.11942039,-0.12000531
27.0,0.02576446,-0.034901835,0.04739981,-0.09581441,-0.02228332,0.061431777,-0.0082937,0.12978275,0.008360958,0.053276233,0.03447558,0.065466955,0.058934927,-0.066389024,0.071179226,0.08493645
28.0,0.031667754,-0.078341454,0.012095825,-0.014104712,-0.042161196,0.04603039,-0.12918107,-0.022356845,-0.06638541,-0.05174243,-0.103896,0.022847598,-0.09102884,-0.037904233,0.17893367,-0.10758909
29.0,0.20355529,-0.015395303,-0.03207233,0.06333736,0.033102896,-0.12912376,-0.011123996,0.04746731,-0.04603388,0.072607845,0.054423664,-0.03769288,0.008463611,0.1180337,-0.005661244,-0.036556337
30.0,0.18158458,-0.05956695,-0.07253451,0.09270435,-0.0063007777,0.03580054,-0.03131545,0.010356264,0.083493315,-0.039862588,0.02987649,-0.0830487,-0.03310928,0.033833057,0.055880018,0.15809643
31.0,-0.038815938,-0.12048548,0.038708016,0.091034465,-0.03712188,-0.04700805,0.036199983,0.10110633,-0.027028415,-0.02830865,-0.098009795,-0.11286336,-0.06550522,-0.072843514,0.06804584,0.088198565
32.0,-0.08225202,0.079452604,-0.054132808,-0.03377063,-0.07116291,0.022505537,0.036396295,0.051653653,-0.062366776,-0.0827446,0.16619296,-0.050987557,-0.033596717,-0.050901,0.01993569,0.057168953
33.0,-0.16061157,-0.044985216,0.040775422,-0.096976094,-0.09894841,0.10887768,-0.0016682282,-0.177189,0.05297126,0.04554133,-0.053755235,-0.05299077,-0.09075989,-0.14529526,0.04686828,0.14394957
34.0,-0.06748689,-0.032852076,0.07015815,-0.017291503,-0.048178293,-0.094905235,0.09423464,0.0011531557,-0.083408415,-0.057024,0.053927533,0.11644308,0.1633285,-0.03256236,0.012899898,0.15054134
35.0,-0.06211113,0.017685674,0.09771108,-0.035238482,0.020272668,0.02963152,0.0394579,0.0072509395,-0.043139778,0.028613446,-0.0010553241,0.06439934,-0.028801858,0.110444546,-0.12442678,-0.111260764
36.0,0.03171455,-0.0016040292,-0.06352384,-0.009510647,0.049154725,-0.014454109,-0.1251198,-0.028239492,-0.056795217,-0.059363898,0.14289701,-0.06673221,-0.014057492,0.14874773,-0.08316203,-0.15582004
37.0,0.11388137,-0.053147882,-0.15564045,-0.030923082,0.08775111,0.009351987,-0.088134356,-0.16883445,0.071664296,-0.08747738,0.15055075,0.014533268,0.08218538,0.16239673,-0.109158784,-0.09494917
38.0,-0.0631229,0.026159585,-0.022060595,-0.10014235,0.039321154,0.03156622,0.16698904,0.07240642,-0.14945418,0.11372947,-0.07262988,-0.07907978,0.10837702,-0.029647568,-0.14071089,0.041863166
39.0,0.016444897,0.09405466,-0.074972235,0.09521875,-0.11667509,-0.016849305,-0.10982013,-0.0283505,-0.019105393,0.052123755,0.033624478,-0.010731506,0.04708315,-0.16631693,0.12170936,-0.010111276
40.0,0.00923058,-0.042714123,0.02095279,0.080596134,-0.0982891,0.1210882,-0.055565465,-0.10759997,0.083710544,0.01852345,-0.10673686,0.057922427,-0.14959732,-0.0052206637,0.05443291,0.0040648403
41.0,0.09489854,-0.06906626,-0.047633804,-0.15920362,-0.07058968,0.06710817,-0.07733201,-0.027161065,-0.057125073,-0.08564192,-0.0059486753,-0.1015591,-0.12407826,0.022713544,0.0056224377,0.13673463
42.0,-0.040110916,-0.058153488,-0.075697996,-0.049180992,-0.022029063,-0.07584718,-0.09075435,0.017364109,0.032494333,-0.09953493,-0.06265484,0.016947983,0.04767918,0.09030296,-0.019569647,-0.10183009
43.0,0.04074945,-0.0846319,0.18141742,0.025360914,0.19308805,0.009911639,-0.044535052,0.0054312362,0.032185543,0.014228276,0.07942035,-0.12026224,-0.0007018493,-0.0778906,-0.12967788,-0.12002621
44.0,0.15890338,-0.016695177,-0.042978007,0.009990621,0.11516628,-0.0066681304,-0.012240263,0.009520984,-0.06326092,-0.029293124,-0.1523187,0.06851211,-0.08569825,0.016678276,-0.05395013,0.019712506
45.0,-0.016550312,0.042117726,0.044663556,0.14714327,-0.10819493,-0.014641282,-0.15508877,-0.058633707,-0.03354184,-0.08534062,-0.0032046936,0.09896842,-0.14196697,-0.070604116,-0.09474583,-0.05714225
46.0,-0.15797468,0.14335053,0.111421645,-0.0038110022,0.1502254,0.05600205,0.031113613,0.09936195,-0.07500368,-0.085633636,-0.12195707,-0.032279775,-0.061429564,-0.07570794,0.092829585,0.15199633
47.0,0.062291138,0.103125125,-0.11549766,0.08172347,-0.13276707,-0.06059638,0.12780035,-0.02373018,0.10072078,-0.023168806,-0.088004924,-0.111356996,-0.053933237,-0.13491441,-0.042726677,-0.0031211667
48.0,0.017237835,-0.03574104,0.096876375,0.02142337,-0.058328774,-0.105232,-0.05261968,-0.08243306,0.026417902,-0.048207276,0.060219202,-0.14902416,-0.03688056,-0.081679046,-0.07728495,-0.066462226
49.0,0.0005899835,0.16716152,0.050756346,0.091915675,0.042950455,0.04989384,-0.040082194,0.083037175,-0.11744652,-0.114062004,-0.053205196,-0.08074498,-0.06333583,-0.11811131,-0.028319446,0.00813949
50.0,0.0027446854,0.00013456102,-0.05890303,0.033954885,0.028804474,-0.1335495,0.08604403,-0.0203701,-0.003918843,-0.09433357,0.0027356963,-0.12670071,-0.03790332,-0.04490967,0.03409065,0.042499352
51.0,-0.017432682,-0.13174056,0.054814994,-0.024995198,0.043550365,-0.080470145,-0.029730864,0.053141635,0.012639499,0.04834329,-0.054241132,0.011110655,0.0048018796,0.055931445,-0.091655836,0.06219954
52.0,-0.012732179,0.096231654,-0.1708537,0.05914626,0.033226926,0.097646795,-0.022881534,0.017111722,0.13490193,0.025542624,-0.011443428,-0.031963684,0.011430819,-0.018853478,0.044425443,-0.055045757
53.0,-0.026352946,0.15202567,-0.054375045,0.15123922,0.011187764,-0.040035285,-0.021940265,0.020040125,-0.09374692,-0.035140745,-0.102639675,-0.044350404,-0.0638193,-0.0453346,-0.039656118,0.062206414
54.0,0.12929623,0.108333714,-0.09613513,0.012496657,-0.07112521,0.069249235,0.09627697,0.07254477,0.037279166,0.07448082,-0.13203639,-0.05140933,0.17159952,0.028337637,0.090161346,0.08379596
55.0,-0.0028269128,0.07342859,0.13151173,0.05826322,0.011770938,-0.07988182,0.010881352,-0.054854788,-0.09619147,0.034664266,0.07999586,-0.10596092,0.1479205,0.014301441,-0.11522045,-0.0060829367
56.0,0.14004688,0.030127222,0.07559661,-0.13565554,-0.04604432,-0.0011102639,0.07353364,0.017708879,-0.017756049,0.19114065,0.11987281,0.011089903,-0.015740212,0.05505548,-0.03782646,-0.025393346
57.0,-0.112136684,-0.019215204,0.09549185,0.0910933,-0.14779162,-0.14718038,-0.09907881,0.041543882,0.121808134,0.004980473,0.016136773,-0.011485485,-0.07470316,-0.10547934,-0.015117906,0.029258292
58.0,0.03164036,-0.00899863,0.1744297,-0.041196555,-0.06325461,-0.09879234,-0.05785186,-0.08487759,-0.07628045,0.026545426,-0.068008125,0.018033935,0.062970705,0.023834215,-0.06383984,-0.04835498
59.0,0.08839441,-0.032142095,0.11131496,0.0071857856,-0.023185784,-0.09914926,-0.16926071,-0.08273553,0.11546944,-0.10441585,-0.020808943,0.06844282,-0.054419715,-0.058228865,-0.16999377,-0.17772056
60.0,-0.15373401,0.18517964,-0.055201553,-0.13851833,-0.08412847,0.06809895,0.05672126,0.058726694,0.054434676,0.012994393,-0.08310335,-0.10957549,0.033999536,0.05768885,0.058515836,-0.026930965
61.0,-0.05183893,-0.071793444,0.022107545,-0.00601209,-0.009165627,0.009087756,-0.025442705,-0.122029155,-0.012937005,0.019475918,-0.0037878966,-0.04843692,-0.07759928,0.010998961,0.09888926,-0.03479985
62.0,-0.07636442,-0.07602838,0.047847576,0.13625865,0.026660938,0.05172451,-0.13601317,-0.05912635,0.09367426,0.0047866465,0.054327484,-0.06448225,0.05870191,-0.0012361448,0.026867397,-0.11302131
63.0,0.1616048,0.027684527,-0.13858953,-0.029742215,0.002498283,0.056247294,-0.051883996,-0.0010064747,-0.036325295,-0.0273821,-0.07522269,0.08117352,0.114782795,0.020553045,-0.025882225,-0.054891936
64.0,0.026852911,0.054577116,-0.015958909,0.06218528,0.14833799,-0.0010532406,0.068331905,0.18303297,0.07146225,-0.058254536,-0.037883542,-0.07643016,0.0124472,0.05237154,0.025427809,-0.05543104
65.0,0.0033898752,-0.07938723,0.09727159,0.02517742,0.0075175134,-0.13340731,0.09163384,0.019574346,-0.06359033,0.005086859,-0.11932303,0.08476029,0.10085002,-0.012392789,-0.08345206,0.06027307
66.0,-0.016708432,0.06603525,0.024500439,0.12260747,-0.030493412,0.13738565,0.11627011,-0.0075982534,0.022101073,-0.13822933,-0.04937605,-0.060637683,-0.035449766,-0.12676463,-0.043390736,-0.068474166
67.0,0.014255614,-0.003119836,-0.07119339,-0.05538771,-0.012555722,-0.013492509,-0.027423726,-0.07139463,0.02999883,0.14769314,0.11159932,0.03392269,0.0587834,-0.02970185,0.023795705,-0.040234804
68.0,0.14079848,0.10951545,-0.068331935,-0.062340267,-0.07043757,0.08138222,0.050012488,0.03884469,-0.012934453,0.1750841,0.13232183,0.09766324,-0.030181145,-0.038666993,0.021160733,-0.053245015
69.0,0.13934995,0.040447753,0.008463378,-0.011291562,0.09663067,0.027576424,0.1171759,-0.087631695,-0.013779493,0.012294363,-0.062013794,-0.024366062,0.07147639,0.06858147,0.10420023,0.038137704
70.0,-0.13515319,0.16073607,-0.010686657,0.07339359,0.01255076,-0.09168078,0.08862036,0.11836369,0.020768346,-0.12892696,-0.09148129,-0.007204442,0.0022271257,0.067192025,-0.080435865,-0.03794174
71.0,0.012301272,0.014131633,-0.15423216,-0.10102425,-0.0070188344,0.013599869,-0.053873613,-0.05615412,0.054640267,-0.01620835,-0.11113964,-0.061019037,-0.08747466,-0.04349563,0.017122481,0.033908334
72.0,0.0536421,0.029615467,-0.08335856,0.09760403,-0.13614422,-0.044208508,-0.048133317,0.027249051,0.11927912,0.11133447,0.12456918,-0.15530002,-0.010987731,0.04273249,-0.07728677,-0.0643927
73.0,0.030410416,0.11820421,-0.097845174,0.0386889,0.07311762,-0.013278997,-0.0747372,-0.058167305,0.08749438,0.05955774,0.1106487,0.00069246395,0.08166944,-0.012970951,-0.08584739,-0.0872306
74.0,-0.027456352,-0.022140903,-0.086921856,0.082768746,-0.0076264255,0.110298835,0.02571796,0.07687751,-0.036254253,-0.061558828,-0.12774321,-0.06625634,-0.11516794,0.0751902,-0.07652669,-0.07648561
75.0,-0.034719903,0.061534896,-0.06946152,0.15671341,0.06566539,0.038814276,-0.05632547,-0.051720288,-0.010973068,0.10957698,0.0018448012,0.07847034,-0.101226464,-0.049813554,0.057149466,-0.03259047
76.0,-0.13110597,-0.065512195,-0.00196355,-0.12035341,0.063062616,0.03894845,-0.12158393,0.06245733,0.028045217,0.046178907,0.014247556,-0.16994365,0.09473869,0.14866374,0.08553718,0.01753912
77.0,-0.030826893,0.09560089,0.004130087,0.10244389,0.0064991764,-0.032342374,0.15220618,-0.10880618,0.05169252,-0.087982215,0.02328257,0.007261452,-0.103469566,-0.11582034,-0.07775587,0.007409057
78.0,0.026871605,0.04762382,0.12947215,0.012959653,-0.17614295,-0.17758156,-0.13096273,-0.026830414,0.05623207,-0.031844534,0.00865956,0.058720775,0.018937591,0.03826263,-0.049292125,-0.026586544
79.0,-0.059586167,0.0057924394,0.17911892,-0.01183842,0.114312686,-0.025116509,-0.107740685,-0.05306001,0.12759337,-0.15619269,0.010017333,-0.07509631,0.06763675,0.020531973,0.06996222,8.414857e-05
80.0,0.019184472,0.0056088646,0.123346,-0.008847684,-0.02362194,-0.022439029,-0.103715464,0.0042537185,0.09940645,0.12905703,0.02121713,-0.12542093,0.077558696,0.067981064,-0.005922658,-0.014413911
81.0,0.09866791,-0.054202,0.14431785,0.12469741,0.0066436864,-0.06021358,-0.020322584,-0.12358618,-0.06348236,-0.089814946,-0.0037069272,-0.08129983,0.04085508,-0.1327986,0.1816548,0.010083989
82.0,0.07308506,0.0024755525,0.02062664,0.12497518,-0.018793056,0.1795053,-0.062435858,-0.05485501,0.021413242,0.025984539,-0.07819172,0.040536743,0.02875968,-0.07378395,-0.037019562,-0.04033054
83.0,-0.12501259,-0.1210554,0.04178259,-0.07144772,0.006713419,-0.02206445,0.13219255,-0.037769414,0.05246441,0.021469343,0.04840266,0.014455264,0.036385655,-0.03179672,0.084542386,-0.04369357
84.0,-0.13788745,0.008596018,-0.18273818,-0.035681292,-0.01186278,-0.056159552,0.149443,0.053130917,0.062227644,0.0915804,0.15006272,0.06639291,0.1251006,-0.035025995,0.011039484,0.018426405
85.0,0.057906736,-0.102691665,-0.0038183483,-0.0026119743,-0.03891038,0.012009785,-0.05495542,-0.025182445,-0.15682544,-0.05160902,-0.11918756,0.07628951,-0.013552414,0.08082083,-0.01661454,-0.13331804
86.0,0.15103738,0.06434011,0.10528309,-0.0042743785,-0.019422596,-0.07689181,0.07870756,0.17006195,-0.14145663,-0.10403484,-0.03077903,-0.018036878,-0.023676028,-0.15166105,0.07927324,-0.0790694
87.0,0.043917283,-0.074418895,-0.011245205,-0.12626734,0.0011520421,-0.08088876,-0.067239225,-0.038495723,-0.077414334,-0.018915234,-0.05741517,0.062693566,0.055468604,-0.06652412,0.013495315,0.03329264
88.0,0.06939549,0.045355726,0.069038525,0.021543188,-0.054261796,0.07347856,-0.117405176,0.05104613,-0.02440836,-0.070622385,0.017819047,0.02647076,0.10976059,0.07330742,-0.114056885,-0.10521803
89.0,-0.058948647,0.07081222,-0.082204096,0.089808404,0.105657496,0.09613363,0.05586303,-0.054660805,0.14634798,0.035967335,0.014380727,-0.022598276,0.013705811,-0.05625807,0.014713704,-0.028083367
90.0,-0.046729263,-0.022676228,0.042470694,-0.13645196,-0.11959052,0.12729053,0.10047032,0.12639949,-0.020081468,-0.11444435,-0.06132593,0.12841988,0.07145761,0.15112907,0.0597884,-0.020488925
91.0,0.10192787,0.15507385,0.02936955,-0.12687126,0.019819876,-0.1277204,-0.04112995,-0.120245196,-0.009832126,-0.06058262,-0.015827984,0.030754618,-0.037291765,0.011189477,-0.15103307,0.0784631
92.0,0.03185216,0.06862921,-0.07884451,-0.13502145,-0.052407376,-0.079476215,-0.04119993,-0.029910687,0.065388806,0.1192011,0.06967389,-0.021066364,-0.13275145,0.09518204,0.004053639,-0.033262867
93.0,0.034427226,-0.05585019,0.09334119,0.12560906,0.033618174,-0.028011283,-0.12102688,-0.08498866,-0.08451792,-0.0057986146,0.029019337,0.047194563,0.006489011,-0.02769548,-0.030450288,-0.1291107
94.0,0.15968342,-0.024110414,-0.09298043,0.046168216,0.13612087,-0.14650641,-0.06667034,0.06555705,0.0018104794,0.056367043,-0.07424994,-0.043609034,0.11650684,0.15646112,-0.008108686,-0.01816933
95.0,0.037005566,-0.13353871,-0.0282037,0.027408807,0.0069308644,-0.051942743,-0.08865927,-0.047427077,0.15016162,0.06780806,0.0007354303,0.086508736,-0.033666275,0.06588336,0.016007904,-0.049227547
96.0,-0.030227961,-0.056661118,0.03783354,0.08420947,-0.1107186,0.025040168,0.0369571,-0.065605454,-0.054984406,-0.009018988,0.021461815,-0.011667727,0.029669516,-0.06774693,-0.10352076,0.11750098
97.0,-0.08839563,-0.004888558,-0.13845073,-0.080433674,-0.10648432,-0.071321614,0.15151505,0.04228565,0.028545013,-0.04721308,-0.07312684,-0.0149985105,-0.026392557,-0.02942061,0.085636415,-0.018361678
98.0,0.058983043,-0.15707871,-0.107262425,0.12970996,0.07927091,-0.02874209,-0.120086014,-0.017044986,0.06785584,-0.061473805,-0.0029571545,-0.10024867,0.074835375,-0.009763673,0.06443835,0.00027312603
99.0,-0.0041395407,0.049065005,-0.0192721,-0.03659394,-0.09313342,0.0578014,-0.008697655,-0.102355726,-0.066051975,-0.015175448,0.14241982,0.055454817,0.04601267,0.015508993,0.02023017,0.11648489
100.0,0.006246304,0.06532476,0.105759114,0.107815504,0.062077444,0.027898332,0.022845061,0.10982036,-0.062597275,-0.05992779,0.08247006,0.054729097,-0.08371109,-0.016913645,-0.01129811,-0.13800442
101.0,-0.083736986,-0.14482081,-0.016164038,-0.049721763,-0.12349514,-0.109326914,-0.10340646,-0.024813188,0.107472405,0.01724006,0.12113192,0.12198172,-0.011936193,-0.009997323,0.034496043,-0.06623067
102.0,0.062210135,-0.02783835,-0.12565877,-0.11357027,0.06134878,-0.049537558,0.142151,0.084502034,0.06516746,-0.066373415,0.013810862,0.04396855,-0.09026097,-0.07576944,-0.11998823,0.0551261
103.0,0.12385043,0.14339545,0.06431506,0.007622609,-0.18814284,-0.03731053,0.16942367,0.02610273,-0.12633705,-0.13678876,0.081202544,0.08461512,-0.0909184,0.05434456,0.017596705,0.01985615
104.0,0.07497784,-0.14415412,-0.03270828,-0.06590839,0.024361689,0.059700537,-0.05475238,0.0045333477,0.014658229,0.023021037,-0.043584634,0.12193092,-0.06279835,-0.12925062,-0.002851565,0.041171346
105.0,0.023713395,0.028184872,0.043836545,0.089766815,0.08761897,-0.038755197,0.01738997,0.14916205,-0.11486532,0.034139667,-0.04588165,0.0795196,-0.011813366,0.074349165,0.019963281,-0.07155178
106.0,0.093690075,0.07888658,0.11140465,0.03872564,-0.045618247,0.09006865,-0.053785942,-0.09616668,0.11444883,0.013723071,0.026986454,-0.01711973,0.047318604,0.12374648,0.14099313,-0.051191796
107.0,-0.08076022,0.122728616,-0.115250126,-0.05163549,0.23243244,-0.03992035,0.031985134,-0.09563297,-0.03990123,-0.0070163477,0.012137611,-0.20436057,-0.13359255,-0.079425156,-0.06048457,-0.14804369
108.0,-0.052358553,-0.012452728,-0.15823193,-0.0784916,0.00150446,-0.014236225,-0.16470775,0.13974334,-0.037911057,-0.09218891,-0.1418853,-0.119943306,-0.090403415,0.03638458,-0.20185682,-0.005669251
109.0,-0.040075846,-0.046321932,-0.16362855,-0.111022785,-0.024594598,0.017838478,0.05366811,-0.059761807,0.0059150406,0.02818808,0.1315976,-0.04318321,-0.08964328,0.08418406,0.08883478,0.16410965
110.0,0.027891824,-0.0028939573,0.10149588,0.0427143,0.053776477,0.0047862544,-0.1164512,0.03509893,0.14958599,0.076193504,-0.018367724,-0.03885772,-0.13315442,0.10734986,0.027866986,-0.022773704
111.0,0.053052906,0.09443702,-0.065631926,-0.13922924,-0.010154142,0.037496444,0.04489199,0.074057005,0.04688977,0.062974274,-0.010200323,-0.04823367,-0.027508816,-0.020725297,0.045466248,0.048018403
112.0,-0.11818176,0.09776888,0.10890397,-0.06610741,0.018053234,0.05443991,0.12201357,-0.070651494,-0.026043748,0.012510096,-0.0007531602,0.046281517,0.15355583,0.10419068,-0.13069192,-0.004743031
113.0,-0.017820587,-0.12663881,0.10801432,-0.06863318,0.057100136,-0.02072239,-0.049525566,0.059448775,0.13124542,0.1296354,0.056284778,0.0930131,-0.14452109,-0.0087924525,0.17641762,0.06518774
114.0,-0.11838197,-0.075119466,-0.124585055,-0.019588137,-0.013864068,0.0033716531,0.011295545,-0.07577804,0.02720324,0.11536234,0.074969694,0.160253,0.022692095,-0.08249582,-0.13884577,0.04716213
115.0,0.07851118,-0.10638298,-0.018146398,-0.021137204,-0.0003549068,0.11567156,0.05018928,-0.030687094,-0.07608645,-0.06478275,0.052260183,0.067704774,-0.05599652,0.029935379,-0.014934412,0.0058957823
116.0,0.050660715,-0.03362896,0.00628135,-0.056838877,-0.06456305,0.06505698,0.02382575,0.011125963,-0.13774751,-0.12239423,0.017783714,-0.16981097,-0.02266144,0.14054793,0.11881892,0.040739503
117.0,-0.05221739,-0.099287294,-0.0050162417,-0.07923235,0.14021736,0.102191575,-0.01950333,0.058788415,0.0072976663,0.031598516,0.046012525,-0.016098106,0.1254835,-0.08767487,0.07137413,-0.05293756
118.0,0.11872204,0.16524084,0.122318186,-0.04002214,0.17609553,-0.010149625,-0.09227475,-0.014256736,-0.15021603,0.075014114,-0.017784419,-0.03641922,0.008166219,0.050478835,0.08092172,-0.08829183
119.0,-0.009969719,-0.040551502,-0.09891512,0.017094098,-0.110567,0.13623434,0.14544594,-0.012436412,0.011194126,-0.10778676,-0.032380894,0.16841136,0.0086071445,-0.029194094,0.09022579,0.023765877
120.0,-0.11652873,0.06284562,-0.02325722,-0.107878245,0.07143471,0.036553178,0.1399219,-0.04110619,-0.0001442106,0.0017496173,-0.04962318,-0.042659983,0.053955387,0.020898014,-0.037543576,-0.020100275
121.0,0.02833063,0.03217939,0.020718414,0.02432075,0.11289229,0.16185842,0.016913878,0.08995703,0.07816619,0.011866754,-0.08160697,-0.053275663,0.052485216,-0.011073164,-0.1045029,-0.057216324
122.0,-0.047753934,0.16447918,0.07800256,-0.035232473,-0.087274,0.05043206,0.022408126,0.06734937,0.044179622,0.07291819,0.035280004,-0.0626673,-0.015930397,-0.104583085,0.001813563,0.027696315
123.0,-0.0059854537,-0.018524094,0.1411701,-0.18468495,-0.19291171,-0.013659392,0.052438915,0.099825814,0.010393582,-0.07749527,0.11756077,-0.039344586,0.1134792,0.02482022,-0.07875731,0.07663434
124.0,0.03231807,-0.038957667,-0.082388796,0.09057574,0.056571633,0.016322432,0.09244536,0.03684642,-0.13418485,-0.103990324,0.00042528834,-0.025759555,0.048604727,0.024838384,0.0696761,-0.14750469
125.0,0.017104587,-0.03279887,-0.03098534,0.033867948,0.038338926,0.094037786,0.073919915,-0.037888326,0.046197478,0.049131654,-0.029233964,-0.12291173,-0.017956581,-0.02142096,0.039077204,0.106083676
126.0,0.086823665,0.022468014,0.042101704,-0.060334235,0.047083676,0.012377335,-0.06777373,-0.027052067,-0.0092136,0.041242935,0.052811824,0.12698622,-0.05835275,-0.08231375,-0.0015411816,-0.008585767
127.0,0.07552339,-0.14268988,1.4865262e-05,-0.00075183186,0.072258905,0.09070621,-0.07509151,-0.0072329743,-0.10343454,-0.032800008,0.021638006,-0.058307517,-0.025113987,0.027222853,-0.025746616,0.17178343
128.0,0.07564585,-0.07830655,-0.023279442,0.11572951,0.003341901,0.13075712,-0.16141702,-0.030317632,-0.010417204,0.07954772,-0.0651424,-0.03578018,0.06190219,0.024877237,0.07004026,-0.03956946
129.0,0.0465832,-0.13720253,0.04550273,-0.11406448,-0.050699797,-0.035724528,-0.12921506,0.018129587,0.0120255845,0.062416475,-0.049546607,-0.09125912,-0.0700189,-0.1058814,0.124964096,-0.10998696
130.0,-0.07081487,0.08836146,0.08529616,-0.037169352,0.03671986,0.18216608,0.029690316,0.012393104,-0.09511165,0.041467834,0.004026882,-0.04671741,-0.0019838044,-0.0473967,0.11042884,0.018947829
131.0,-0.079402044,-0.046533413,-0.047178064,0.10166134,0.05461765,0.11360227,-0.06825119,-0.07119608,-0.08319457,0.1051536,0.15220731,-0.094708204,-0.035559934,-0.015376881,0.17362557,-0.13187087
132.0,0.006198469,0.049900576,-0.17148302,-0.028684454,-0.06313838,-0.03700472,-0.008020677,-0.13859385,0.021161152,-0.09863588,0.06759954,-0.15254685,-0.038109835,0.12519859,-0.17312293,-0.11830098
133.0,0.04672699,-0.17610312,0.15746097,-0.10745401,-0.039912853,0.055359587,-0.03152852,-0.112133995,-0.14408156,0.050272156,-0.044722475,0.16441534,0.063505396,-0.035612304,-0.030689443,0.0872977
134.0,-0.1189132,0.05299111,0.080451354,0.11719364,-0.09140878,0.039541557,0.11470271,0.17390853,0.13760297,0.1335831,-0.022066643,0.048051,0.051786702,-0.0555584,0.00235634,0.15923218
135.0,0.05398432,0.055471137,-0.00054014794,-0.00204328,-0.102793805,0.0802448,-0.07129651,-0.1108636,0.018148553,0.062186204,-0.05430275,0.039103948,0.008375697,0.05876247,0.06531148,-0.016943106
136.0,-0.039638553,0.033799823,-0.13768226,0.04369422,-0.011489637,-0.056121178,0.10906665,0.10334289,-0.037370708,-0.041961133,0.0072115436,0.09760253,-0.0791049,-0.15874104,-0.08186992,0.107166104
137.0,5.544225e-06,-0.070874386,-0.038249824,-0.06444468,-0.046482824,0.0035723797,0.08191087,-0.056135185,0.08918604,0.00017584773,-0.124927916,-0.0975442,-0.070727095,0.06807953,0.050834477,0.064200275
138.0,-0.036540072,-0.07806349,0.04020234,0.04209762,0.033222437,0.00899425,0.09900776,0.028850636,-0.05355546,-0.00052834075,-0.094710335,0.052616358,-0.16913047,0.093020394,-0.075321965,-0.057559583
139.0,-0.044222906,0.05023747,-0.021787642,0.11966691,-0.057729825,0.060255386,0.09793435,-0.08740356,-0.012097503,-0.036958255,-0.009127,-0.009146122,-0.06351487,0.041092243,0.008843454,0.030020172
140.0,-0.046547286,-0.112597905,-0.07610773,0.09520954,0.089418314,-0.08713749,0.019597158,0.04424546,-0.023685383,-0.08846075,0.14536881,-0.0037153345,0.097284414,-0.0146524655,-0.05176103,-0.06777391
141.0,0.0778764,0.081282854,0.022197567,-0.06524644,0.061660796,0.054667216,0.015230946,-0.07156364,-0.13673355,-0.09159477,-0.13422364,0.0781206,-0.113423295,0.06357271,0.06407684,0.06434227
142.0,0.16817154,0.0014163533,-0.08403607,0.03595213,-0.10467079,0.06315956,0.10787839,0.042848017,0.07693016,-0.05676672,0.12526712,0.11736416,-0.0071443096,-0.049118828,-0.101083115,-0.10837224
143.0,0.07584385,-0.057188552,-0.115410574,-0.031940177,0.0026126108,-0.04635406,0.120395176,0.11397739,0.13491419,-0.044909146,0.018471288,0.098444864,-0.013045133,-0.02060711,0.05409605,0.005397526
144.0,0.020247774,0.047368493,0.10451778,-0.02211742,-0.13461758,-0.065355286,0.08106295,0.12257906,0.04059951,0.029779762,0.018742219,-0.16427147,-0.05995056,-0.15156499,0.0008209398,0.010428243
145.0,-0.19608764,-0.035600208,0.023056606,0.06356317,0.13871981,0.083741195,-0.011840396,-0.013261303,0.046289697,-0.13080879,-0.034026336,-0.00974314,-0.0856778,-0.037834216,-0.021079162,0.0028505991
146.0,0.030027488,-0.08441927,-0.03272446,0.104500614,0.11257492,0.017839223,-0.021504752,-0.0072791283,0.00081380573,-0.109567866,-0.046437975,0.03412667,0.029730033,0.048374332,0.0093716355,-0.050818723
147.0,-0.11128799,-0.006044496,0.057713855,0.08697925,0.14328632,-0.08397259,0.047379542,-0.04196053,-0.053380128,-0.13092981,0.11745679,-0.03150194,-0.085361846,0.09282943,0.12746997,-0.05320671
148.0,-0.179427,-0.13890761,0.01443294,-0.06556722,0.042671915,-0.1818802,0.10153526,-0.044503026,0.13284546,-0.029744219,0.10283984,0.022975992,0.043411348,0.008793824,-0.04144016,0.0805437
149.0,-0.14807327,-0.08989718,0.061909363,0.13736261,0.09860211,-0.02573758,0.06953485,-0.00159214,-0.036968365,-0.015513148,0.049272276,-0.105257355,-0.10321171,0.04802624,-0.06891664,-0.1502154
150.0,-0.03918372,0.060157068,0.037481226,-0.013805159,0.010445864,0.01810571,-0.14287816,0.14452723,0.083879255,-0.05573841,0.06848588,0.1216637,-0.07971207,-0.035885293,-0.05293012,-0.044403702
151.0,0.14014822,0.041750964,0.007231879,0.003732748,0.11726606,-0.1516466,0.0003220049,0.072817735,-0.16666842,0.052232217,-0.09226612,-0.07866814,-0.12796567,-0.062573455,-0.10139352,0.0041064187
152.0,-0.027611203,-0.078205615,-0.081173345,-0.10883368,-0.012998291,0.030177675,0.054263003,0.16697448,-0.030962354,-0.033820197,0.042184856,0.07826684,0.08589419,-0.013717659,0.053195078,0.050653707
153.0,0.026846895,0.07659296,-0.12152043,0.014813665,0.029033959,0.023276484,0.017022287,-0.03426229,0.08602096,-0.004069262,0.012497297,-0.082585655,-0.026040869,0.01355658,-0.067307286,-0.050527096
154.0,-0.17325409,-0.0431388,0.09354579,0.08599987,-0.14676315,0.12261215,0.064500235,0.011376387,0.16443498,0.06899972,-0.072956614,0.09537785,0.04101595,-0.090570204,0.17690915,0.013270322
155.0,-0.07875315,-0.084161684,-0.07182041,0.055685103,0.04889888,-0.054938965,-0.023285095,-0.024350775,-0.037237942,-0.0760561,-0.14309296,0.02755729,0.06761224,0.092757575,-0.028997205,-0.044127643
156.0,0.01688845,0.02395226,0.08409427,0.08979423,0.16674663,-0.1373278,0.079671286,0.071661204,0.083524786,-0.01982196,-0.041646894,-0.040558904,-0.0010287386,-0.1282274,-0.14077997,-0.13472494
157.0,-0.12956116,0.0892665,0.10222804,-0.12192555,0.03353348,0.0025963415,0.07326593,-0.004172731,0.020916266,0.13017783,0.11538799,-0.053614084,-0.0408041,0.10860707,0.051184498,0.03812952
158.0,0.17881761,-0.085868195,-0.0022255688,0.08599856,-0.058066662,0.058366578,0.027339939,-0.01891791,-0.012650975,0.04883296,-0.057490718,0.054975122,0.07930878,-0.073075816,0.009190991,-0.06512708
159.0,-0.08250352,-0.068673305,-0.12044268,0.15978985,-0.044689953,-0.007922935,-0.10368217,-0.110086225,0.019611672,-0.038152047,-0.0128490925,-0.12103527,-0.016653864,-0.14370298,0.013232481,-0.14074907
160.0,0.030804642,-0.0836987,-0.043883115,-0.114395924,0.04931251,-0.0003120924,0.11476383,0.016575202,-0.005781948,0.08988149,-0.052512165,-0.0012885961,0.052650817,0.034470662,0.054382455,0.06353522
161.0,-0.05627346,0.0024474587,0.18156151,0.11935972,-0.053826116,0.07217415,-0.05953944,0.03562677,-0.17424318,-0.0046015466,0.003238809,0.0027543441,0.046771694,0.061767876,-0.06624122,-0.1469513
162.0,-0.02257882,-0.08745998,-0.04228749,0.05170992,-0.01861003,0.13207574,-0.0070417873,0.06803888,0.1483833,-0.06418404,-0.035290062,-0.18832684,-0.080084234,-0.10871843,0.09147009,-0.13203761
163.0,0.09878056,0.027907895,0.02113315,0.07720772,0.10035019,0.0026564302,0.035506308,0.06985267,-0.08149899,-0.103590816,-0.06751867,0.03517998,0.06533818,0.14736727,-0.05993944,0.14591314
164.0,0.054334126,0.02937848,0.08193951,0.035281688,0.11184776,-0.02703398,0.08698186,-0.003206401,-0.14098239,-0.03521345,-0.10417078,-0.0272588,-0.0546294,0.08195581,-0.05490495,0.060781855
165.0,0.06980894,-0.020726245,0.0083248615,-0.091497645,-0.06274584,0.07423309,0.0076338076,-0.07005061,0.16441523,0.014071118,-0.043665636,0.11282906,0.016884105,-0.095782004,-0.08966516,0.15434381
166.0,-0.087343305,0.0075169965,-0.118833125,0.05098454,0.09982805,-0.0612192,0.1556548,-0.12249054,-0.09940077,0.07179064,0.06912454,0.021491306,-0.049450673,0.16522849,-0.0640909,0.020905789
167.0,-0.06754003,-0.039180662,0.13794254,0.04540347,0.024349382,0.035253204,-0.024673881,-0.07988611,0.016514981,-0.0129610635,0.054401495,0.1102122,-0.08271055,-0.023297511,-0.12572716,0.06561033
168.0,0.062292844,-0.054267086,-0.18602224,-0.05039824,0.03387037,0.03976013,-0.018697811,0.024195071,-0.08316211,-0.06101471,-0.0096721025,-0.11349971,-0.12490226,-0.026969608,0.1030246,0.13609374
169.0,-0.019591492,0.16368276,0.08728519,-0.087281756,0.17145504,0.10610338,0.096863575,-0.007723569,0.0072138216,-0.08311906,0.012433428,0.0125485305,0.03306649,-0.029806487,-0.10059522,-0.029229198
170.0,0.108669825,0.022797,-0.06864093,-0.113051295,-0.043885235,0.04137579,0.09478782,-0.04607608,0.13322996,0.017248325,0.010578165,0.15297267,-0.1586228,-0.02803282,-0.031014532,0.14125891
171.0,0.09992509,0.060119834,0.02138012,-0.12376454,-0.028019331,0.0317271,-0.07088392,0.03896079,-0.042950314,0.010685756,-0.031622745,-0.026520345,-0.07073135,0.047550008,0.08203095,0.029255504
172.0,-0.050598394,-0.13148163,-0.0050196997,0.15141705,-0.02378879,0.04076087,-0.067988984,0.04855909,-0.0873263,-0.1252827,0.0046443245,0.060359173,-0.14469142,0.08097011,-0.09358201,0.041814957
173.0,-0.065622486,-0.06399373,0.011405687,0.15288259,0.121233255,0.15138169,-0.020785328,-0.13052504,0.13489021,0.01398336,0.00862564,-0.046710584,-0.007943263,0.10844973,-0.05067993,-0.033646803
174.0,0.05469098,0.06068879,-0.114902854,0.020870961,-0.013159904,-0.0057407254,0.09801867,0.09849342,0.03381183,0.072234556,0.0057539768,-0.06687848,-0.0680585,0.11306473,0.01879883,-0.0517703
175.0,-0.07631878,0.007697338,0.10274644,-0.15192899,-0.0021776943,0.052155837,0.047297854,-0.019036464,-0.12664203,0.050461188,-0.1508725,-0.078758135,-0.13650909,-0.048439216,0.08617179,-0.08524884
176.0,0.09408117,-0.13815896,0.044538554,-0.006673344,-0.032980368,-0.04078413,0.09107472,0.14452153,0.15933402,0.040275495,0.04741865,-0.019025933,0.0472755,-0.035530988,-0.044224314,-0.095760174
177.0,-0.030942803,0.10401451,-0.08371042,0.17346133,-0.070846714,0.00078375917,-0.054766245,-0.052626777,-0.09376871,-0.021699773,-0.0060685975,0.01210714,0.057661653,0.056342516,-0.06725976,-0.00268704
178.0,-0.013884755,-0.19168086,0.050240923,0.05413898,0.037215967,-0.09420567,-0.06526167,-0.12736191,0.103882216,-0.08034896,-0.10020921,0.08760771,-0.064367734,0.027961519,-0.11696783,0.06326916
179.0,0.00067118753,0.032212876,-0.06551484,0.00703044,0.078412555,-0.00082953053,-0.10925023,0.021816792,0.14790015,-0.031162115,-0.05216749,0.12588143,-0.06945039,0.0057099904,-0.0030877371,0.010707957
180.0,0.084527284,-0.020533552,-0.013332226,0.022875214,0.059535995,-0.025279274,-0.008200061,0.03966229,-0.08501118,-0.029819233,-0.0515595,-0.052094996,-0.051223256,0.15544888,-0.013816817,0.094442524
181.0,0.025108691,0.0015821999,0.019463511,0.17603621,-0.083594956,-0.022457384,-0.039819226,0.08359288,0.00081897445,0.09233507,-0.0013796346,-0.06833559,-0.028124703,-0.1146865,-0.03470536,0.021920895
182.0,0.08743627,0.085873395,0.03709828,-0.044545803,-0.035706088,0.09628053,-0.0696872,-0.008578039,0.085830756,0.0068706563,0.03743546,-0.13699886,-0.11185178,-0.034719456,0.0320173,-0.08729001
183.0,0.07413513,-0.09005629,-0.15816112,-0.10812296,0.03248979,0.07115357,0.040526364,0.07229422,0.04567815,-0.024048949,-0.023486517,-0.1263756,-0.014209763,0.029742178,-0.0061640306,0.00935702
184.0,-0.067092,0.08635126,0.05651922,0.04551211,-0.058416765,0.17223941,-0.13186519,0.14348496,0.01862922,0.01660748,0.102253966,-0.040423412,-0.0041196113,0.035260737,-0.08025832,-0.08576168
185.0,-0.077728644,0.0055722925,0.003660299,0.1405492,0.10950345,-0.017719787,-0.17468958,0.13418393,0.07667786,0.101531334,-0.038491767,-0.047179487,0.06201691,-0.0761639,0.03343379,0.12284625
186.0,-0.08774787,-0.0043394403,0.04015144,-0.1579728,0.0648803,0.09784584,-0.124765985,-0.085880235,0.05146596,-0.025519539,0.02532673,-0.12973075,0.063870125,0.010800755,-0.04500791,-0.176244
187.0,-0.014715546,0.046568334,0.14022873,0.09844404,0.033119395,0.01025951,0.09955879,0.017336564,-0.015031194,-0.10720598,0.080973886,-0.02173009,0.0040408536,-0.09419708,-0.006366676,0.03423347
188.0,-0.1502243,0.08836925,-0.124286786,0.02331029,-0.17185077,0.1396178,-0.026918706,-0.02596239,-0.050744668,-0.085638985,0.026244085,-0.0846797,-0.059812725,0.09050226,-0.06523501,-0.0860463
189.0,-0.0302549,0.10028945,0.12241822,0.035852615,-0.059523992,0.1174065,0.067158185,-0.0138058225,-0.0074527813,-0.028020693,0.057181,-0.01810533,0.009230128,-0.01221615,-0.1031404,-0.106684
190.0,-0.027534498,0.16760057,0.16715263,-0.12703596,0.15223263,-0.12363071,-0.06558466,-0.08676079,-0.068773754,0.038124606,0.011939871,0.026246183,-0.007841288,-0.009137344,-0.13501605,0.091081455
191.0,-0.007655347,-0.121844664,0.1709703,-0.04430697,-0.15628842,-0.13342309,0.116202,0.000767638,0.14383262,-0.106387794,0.05640812,-0.08067153,-0.04199182,-0.03514242,-0.12455397,0.09855775
192.0,0.00277822,-0.059827596,-0.17265297,-0.052668933,0.07714584,-0.03359142,-0.06149153,0.08869339,-0.1496775,0.074342884,-0.08530763,-0.027777046,0.09418611,-0.10790332,-0.0040826234,0.07427066
193.0,0.034068532,-0.15681691,-0.012101731,0.06436152,0.011410566,0.059551492,0.1348787,0.032711405,-0.09054401,-0.059219677,0.14898023,0.12480597,0.00025028258,-0.0012102069,0.007020095,0.043125592
194.0,0.0013311042,0.16069968,0.12094825,-0.06873278,0.010653463,-0.07752813,-0.082739234,-0.11810235,-0.058952007,-0.038361374,0.09577946,-0.14131178,-0.09789741,-0.1658023,-0.106368415,-0.043803297
195.0,0.09101505,-0.09530775,-0.16280746,0.058321685,-0.06169095,-0.033803053,-0.16380207,-0.08739939,-0.10561831,-0.060719926,0.006506967,-0.01647735,0.08935581,-0.06955256,0.018773973,0.07276887
196.0,-0.08107751,0.039467443,-0.027475411,0.04514287,0.095002994,0.1223815,-0.08735435,0.07058652,0.10736128,-0.052401673,-0.16316248,0.035256818,0.08701147,0.023497975,-0.036586,0.043197576
197.0,0.02208497,0.0875347,0.09218759,-0.008051219,-0.045263346,-0.023447698,-0.02541555,-0.11523919,0.0923381,-0.03242168,0.00989774,-0.016290344,0.09220365,-0.0053575113,-0.07343142,0.10055687
198.0,-0.10045177,0.11861042,-0.07222524,0.012386945,0.02173606,-0.025328208,-0.11981952,0.017916743,0.030083254,0.10406599,0.0044725025,-0.055821944,0.032996483,-0.01764191,0.12573156,-0.13055542
199.0,-0.109737925,-0.009870754,0.048918888,-0.12095347,-0.029030798,0.12338373,0.057317175,-0.063199855,0.19429648,0.055899736,0.14054763,0.021461828,0.033304337,0.078310825,0.055054266,0.1126157
200.0,-0.010095053,0.0010454826,-0.06975612,-0.03716092,-0.06323117,-0.06064544,-0.097420715,0.0002101067,0.0041326326,-0.04723228,-0.083968684,-0.01644111,-0.079365045,0.08720944,-0.008915358,-0.12933253
201.0,-0.082370445,-0.11759559,-0.0022838656,0.034855183,0.014746508,0.08116948,0.004074203,-0.05366739,-0.08915082,0.042898357,-0.014160171,0.14375761,-0.11831773,0.06683281,-0.027431559,0.029140553
202.0,-0.0011544826,0.11777179,0.14706144,0.006335231,0.009745157,0.09101122,0.15241958,0.11905396,0.14463207,0.06642638,0.071482785,0.18129876,0.12007164,0.088848636,-0.11666904,-0.1664983
203.0,-0.019629894,0.10958886,0.030819913,0.02077135,-0.050886977,0.0763976,0.06814189,0.061737906,-0.16816144,-0.029195778,0.07949334,0.032227527,-0.0051297136,-0.13348098,0.10780849,0.06522632
204.0,-0.04719231,-0.07386688,-0.12431437,-0.008349741,-0.06298177,-0.058043104,0.09100024,0.033039253,0.16124271,0.0623417,-0.003627771,0.0021284767,0.04131593,0.023072265,-0.09225021,-0.09464234
205.0,-0.08547148,0.038236834,-0.086607404,0.13715616,0.018934865,0.044586055,0.017945068,-0.12953238,-0.03282347,0.083929084,-0.0094629,-0.07174785,-0.017794365,-0.06592272,0.04308497,0.0005261896
206.0,-0.02725637,0.0437131,-0.012499803,0.006292911,0.07400135,-0.10007277,0.024245009,-0.037383966,0.13681932,0.0013254061,0.05160216,0.05416718,0.04768954,0.07811152,-0.01768618,0.1311908
207.0,-0.12206666,0.024402939,-0.07767824,-0.089971036,0.105937846,0.14721431,0.0880585,-0.010133743,0.018261816,-0.0048490725,0.041683733,0.106262736,-0.11954655,-0.01933101,-0.09700049,0.06749389
208.0,-0.03266151,0.05960463,-0.0012239543,-0.024095682,0.05262716,-0.041538768,-0.049281742,0.04773023,0.037939515,0.008697858,0.12647882,-0.039148074,-0.06800539,-0.04760542,0.050949845,-0.010336709
209.0,-0.06061974,0.013237147,-0.047187883,0.023601748,0.035050683,-0.10601752,-0.10056618,0.1460009,0.0363413,-0.16417669,-0.074374475,-0.047152728,-0.13334712,-0.054038424,-0.051650167,-0.038041648
210.0,0.17863898,-0.11620248,-0.09223006,0.09668937,0.10822664,-0.0219046,0.020054046,0.11125214,0.0855729,-0.07779967,0.12876529,0.10158552,0.012234298,-0.083887935,-0.043009434,-0.046591
211.0,-0.053572096,-0.043641444,-0.018435705,0.012863753,-0.022295274,0.0019459889,0.09487705,-0.058503486,-0.027527763,-0.0140938265,-0.088990904,-0.034195643,0.053524416,0.03768471,0.06762113,-0.029794816
212.0,0.120165914,-0.020085862,0.0730034,0.11780462,0.14108369,0.08314144,0.04048237,0.052166738,-0.063297294,-0.022682894,-0.015294085,0.09250535,0.058619462,-0.0033503347,-0.006827115,-0.07077214
213.0,-0.060321297,0.040644106,-0.030341368,-0.14717434,0.034496997,-0.04220575,0.06446664,-0.026749989,-0.033252034,-0.07043842,0.058588214,-0.029385306,-0.1002428,-0.03845715,-0.0806822,-0.054864157
214.0,-0.01865723,0.08606485,0.0153194275,0.08336617,-0.079548515,-0.17873539,0.048972696,0.031706158,0.05114461,-0.029146308,0.04247743,0.035289124,-0.0024255277,0.026654871,0.070376515,0.09753734
215.0,0.08482678,-0.055176776,-0.15695421,0.14803535,-0.024916118,0.060976543,0.05478097,0.09597051,0.027597286,0.054875895,0.062451765,0.04695466,0.15983923,0.11233677,0.051207367,-0.0980339
216.0,0.08856042,-0.049382664,-0.053116694,0.053255364,-0.035074398,0.03428583,-0.006302392,0.09360827,0.106116354,-0.057119258,0.061976757,0.020659724,-0.13133694,0.055908825,0.05071311,-0.04656235
217.0,-0.058489293,-0.13363479,-0.054953955,-0.058502264,-0.055794664,-0.014720412,-0.0637086,-0.1401441,-0.103953294,0.13459496,-0.05615656,0.03871256,-0.13664308,0.13282548,-0.06665219,0.06996745
218.0,0.08153364,-0.06598557,-0.028277693,-0.053270657,-0.029068198,0.0018471876,-0.04465624,0.06886403,-0.1294125,0.17611562,0.094066694,-0.08417903,-0.13831711,-0.060263153,-0.10658177,0.06506384
219.0,-0.02585138,-0.0434654,-0.000615261,-0.020601401,0.08466575,-0.04285998,-0.16085908,0.0158754,-0.08494869,0.06761692,0.06569569,-0.023326388,0.15710413,-0.11164116,-0.062695794,0.11994441
220.0,-0.08957639,0.1760318,0.031271514,0.031140296,-0.05866188,0.119770445,-0.04567671,-0.07585777,0.024731858,0.10305746,0.024794001,0.008532251,0.06825314,0.07260174,-0.06733494,-0.17191587
221.0,0.07240547,0.08564545,-0.06557624,0.042131502,-0.007071975,0.04097558,-0.014539719,0.052407883,-0.034891054,-0.017507955,0.10497328,-0.08739707,-0.07637432,0.09245895,0.04126015,-0.047799837
222.0,0.07101322,-0.09485379,0.008457497,0.013152088,0.020089589,0.1370904,0.10623505,0.17063783,-0.005337245,-0.1643981,-0.0035337338,0.16347696,-0.010515928,0.006295301,-0.012669873,0.03295723
223.0,-0.09570759,-0.0025465505,0.027307212,0.036892086,0.109524705,0.13884783,0.059522502,-0.058461074,-0.01653792,-0.06138141,0.027011488,-0.06822607,-0.08723326,-0.047840767,-0.09389793,0.09443701
224.0,0.108784124,-0.19045697,0.03839833,-0.11157455,-0.13871954,-0.09787609,-0.043364707,0.060454454,-0.02004584,-0.09509675,0.050686836,0.034318086,0.05598124,-0.108295165,-0.11569833,-0.12160534
225.0,0.0937775,0.08518307,0.06282644,0.1132237,-0.060138986,-0.006550815,0.07424632,-0.015048605,-0.016310448,-0.12864628,-0.049424678,-0.020704066,-0.021959443,0.03974769,-0.001883073,0.12996483
226.0,-0.060956515,0.0047693783,-0.014887107,0.11985738,-0.11705696,-0.0847917,0.1293413,0.011485908,0.06287365,0.0419294,-0.07664454,-0.12094766,0.07055351,-0.09930722,-0.016760917,0.0517933
227.0,-0.068725154,-0.03511533,-0.07471537,0.05738429,-0.07355473,-0.13467416,-0.13008732,0.066555776,-0.064161696,0.049221553,-0.071765624,0.0077435,-0.10372079,0.061933797,-0.0588358,0.052383572
228.0,-0.05274857,0.09127189,0.029536717,0.1412735,0.057624944,0.034271363,0.0064324825,-0.03801223,0.008148386,0.03617036,0.0059014945,-0.07610141,-0.13569872,0.042510826,-0.09878741,-0.12665094
229.0,0.05802837,0.038725022,0.0590191,-0.04760195,0.03187834,0.12559396,0.11807628,-0.1339725,0.08582872,0.061365157,-0.027348692,-0.01809828,0.022970112,0.13139354,0.0098368535,0.0058139334
230.0,0.0744239,0.10124271,-0.07556124,0.066660345,-0.09090908,0.04832361,0.008233032,-0.062660515,0.0082198605,-0.07915855,0.11453767,0.19311099,0.016544906,-0.032819547,-0.035192315,-0.085618466
231.0,0.086245656,-0.07444153,-0.06610358,0.0684059,0.07189715,0.06115823,0.13627726,0.050463565,-0.030181222,0.18497942,-0.028090084,-0.013339645,0.11038326,-0.022910964,0.045398153,0.020302223
232.0,-0.022601506,0.116063766,-0.059291843,0.02934278,0.005077339,0.09653681,-0.082499646,-0.0511781,-0.008891048,0.08290887,-0.16842034,0.027595766,0.038470984,0.07824016,-0.0653305,0.01821857
233.0,0.11139699,0.056077626,-0.015128633,0.013730561,-0.03528394,0.015622493,0.04073446,-0.051810503,0.15407525,0.047811925,-0.07030933,0.14431441,0.14819618,-0.0109742675,-0.009289283,0.043882053
234.0,0.13974413,-0.04174184,0.096619345,0.08778232,-0.06818052,-0.04439197,-0.007163775,-0.07000805,-0.11412301,0.11534652,-0.038166296,0.039844915,0.057450116,-0.11635161,-0.071152784,0.05748757
235.0,-0.084426746,0.103960544,0.18688321,-0.019222584,-0.007277157,-0.1583656,-0.106987126,-0.016763806,0.066945784,-0.11341788,-0.089499064,-0.08120786,-0.07855143,0.07302951,-0.058209147,-0.07846392
236.0,0.15785299,0.0101263635,-0.12781289,-0.06539726,-0.061159614,0.11486554,0.22175464,-0.027617121,-0.036889445,-0.109577715,-0.02424456,0.14831506,0.006895762,-0.10555415,0.041494556,-0.049194094
237.0,0.1867071,0.022585077,0.062495474,0.031215763,0.052064247,0.027808279,-0.026101086,-0.10446105,0.077316575,-0.069847725,0.037778456,-0.093653694,-0.042839922,-0.0241146,0.110223696,0.07243203
238.0,-0.057858914,-0.020285742,0.030252738,0.118211456,0.10174563,-0.05397745,-0.10132064,0.047478937,0.041240904,0.051227033,0.054852605,0.0696001,-0.16117397,-0.024088157,-0.06072303,-0.08135716
239.0,0.025009803,-0.059633236,-0.10184361,0.023265341,-0.061479367,-0.028080525,0.087752365,-0.069981284,-0.044493426,0.038717005,0.15235718,0.06293785,-0.14411958,0.047811538,-0.0557247,-0.016975133
240.0,0.0256872,-0.108410485,-0.060492206,0.042897828,-0.016274521,-0.10840592,-0.04610992,0.005789012,-0.06568713,-0.007079497,0.07307273,0.06627594,0.06252017,-0.058992893,0.0158111,-0.1755374
241.0,0.035978753,0.051331986,-0.06351456,0.103554405,0.042497694,0.036341634,-0.009610411,0.0653338,0.081440344,-0.0819161,0.03530399,0.08229178,-0.046468265,-0.13836515,-0.0050385604,0.027371604
242.0,0.058862746,-0.029077508,-0.061898127,-0.07162405,0.16079953,-0.06540569,0.07472368,-0.109983444,-0.12837423,-0.09333083,0.06644144,0.05011489,0.0036499896,-0.08275993,0.039997384,0.024156041
243.0,0.12797715,0.06692975,0.09951587,0.092972904,0.014039369,-0.08741207,-0.0142694805,-0.04871522,-0.044318244,-0.07079637,-0.026602507,0.043480143,-0.059050344,-0.06072851,0.10879802,0.02215684
244.0,-0.029163558,-0.13391547,0.049595132,-0.14099608,0.07604921,0.06384282,0.16661242,0.08064511,0.04726153,0.05132592,0.008583572,-0.04668649,-0.07077241,-0.105958484,-0.14210191,-0.028808279
245.0,0.008669544,-0.020551365,0.120388456,-0.031419586,-0.14226958,0.16064142,-0.08983774,-0.09245379,0.04658959,0.13654251,0.13651164,-0.042860623,0.027847163,0.05626427,0.02304043,0.09122035
246.0,0.09878531,-0.13522707,-0.097223535,0.015347297,-0.010216875,-0.0738858,-0.023598546,0.0587927,0.032497466,-0.15581106,0.008033638,0.13975123,0.04449875,-0.04252214,0.13431041,-0.14758374
247.0,-0.014109762,0.1564272,0.0002966211,0.001646299,0.0041687596,0.034474734,0.047385074,0.11666173,0.100043,-0.17310376,-0.18141235,0.041887537,0.047421258,-0.0772567,-0.08320613,0.029120501
248.0,-0.04880737,-0.059806958,-0.038113598,-0.088244595,0.10520483,-0.014759185,-0.0584035,-0.11470326,0.091677226,0.041649695,-0.019186527,0.041756503,-0.03198206,0.06423554,-0.05550958,-0.107115336
249.0,-0.0783058,-0.118057616,0.01650369,-0.19056164,-0.043215733,0.003948875,-0.017488746,0.0495697,-0.07872044,-0.075302295,0.094544336,-0.16394769,0.1068424,0.10923189,0.032268196,0.11836378
250.0,-0.07397337,0.022545595,0.14659868,-0.1632928,-0.13669145,0.01172689,-0.1589854,0.051734615,0.0015414569,0.09131215,-0.116356924,-0.070737936,-0.0333695,-0.04703284,0.02838878,-0.03398101
251.0,-0.04679568,0.13434762,0.01991788,-0.010098541,-0.017272756,0.02517869,-0.06339025,0.036759194,-0.0066078897,-0.12349191,0.13832603,0.012375518,0.14162976,-0.0217063,-0.024071332,-0.06913578
252.0,-0.11136293,0.0071879947,-0.0021899366,-0.021964485,0.17134216,0.062045198,0.016305778,-0.019753544,0.077893175,0.098614015,0.15281022,-0.021045389,-0.14548773,-0.008402059,-0.03197305,-0.023813989
253.0,-0.035865404,-0.049976878,-0.0072389273,0.038532693,0.0429755,-0.06271435,0.021801593,-0.03280112,-0.15545273,-0.07787754,0.12305617,0.05084169,0.032695144,0.14037268,-0.08658659,0.0033062845
254.0,0.015853299,0.04689411,0.08354583,0.016060034,0.048785828,-0.017104842,0.0064969514,-0.0051139463,0.053595614,-0.0152276,0.07449784,-0.04139635,-0.06791143,0.054508105,-0.117100656,0.06189088
255.0,-0.055932973,0.16460118,0.17207906,0.06794022,0.027784614,0.019905085,-0.11500137,-0.03380103,-0.08528378,0.020326411,-0.0665787,0.026600678,-0.047527757,0.046933793,0.13047443,0.009915912
256.0,0.022822129,-0.16711207,-0.044456664,0.18657257,-0.0054454925,0.0017408133,-0.074514166,-0.0707186,-0.1629789,0.1455197,0.16920249,0.012965666,0.078312576,0.02883627,-0.024509674,0.17299934
257.0,-0.032336757,0.04728446,-0.113880076,0.13525268,0.095952086,0.011307467,0.0508188,0.15224093,0.124030024,-0.103441246,0.09843956,0.13746393,0.09930376,-0.043652736,0.07926563,-0.09470045
258.0,0.03602535,0.05741727,-0.039139044,-0.13917372,-0.039314173,0.105783895,0.12489738,-0.009585925,-0.0021885808,0.017592652,-0.012813097,-0.10460779,0.02730998,-0.10475067,-0.04861125,0.014016491
259.0,-0.057870824,0.057531018,-0.04981199,-0.03633764,0.07639029,0.11940638,0.08906195,-0.018990723,-0.0030039349,-0.06330768,0.025855018,-0.15348355,-0.030121325,0.031625085,0.14440666,0.01349369
260.0,-0.0062666764,-0.03278429,-0.009758411,-0.022481736,-0.0077989837,0.094891734,0.088541895,0.0537899,-0.09891074,-0.021604268,0.08047991,0.030137945,-0.14027396,-0.098535396,0.13571669,-0.019027391
261.0,0.024063367,-0.06281715,0.13860281,-0.0018612646,0.0035899535,0.02602556,0.031738773,0.0139991995,-0.09088556,-0.011619693,-0.0075485986,0.072083294,0.06507027,-0.0068715326,-0.08701198,-0.019224698
262.0,0.09215186,0.09289188,0.10409284,-0.10950356,-0.0022489093,0.12376267,-0.09563342,0.037093114,0.07099018,-0.01304822,0.082695596,-0.07239854,-0.0041832332,-0.0017926269,0.09553827,-0.11317246
263.0,-0.104623415,0.011247734,0.0840669,0.011265654,0.035601724,0.1122221,0.096103735,0.041651618,-0.11036913,-0.056272548,0.010377796,0.008349376,0.1792839,-0.06119525,0.017807532,0.10657322
264.0,0.089749366,0.020390842,0.17018764,0.026863387,0.04270008,-0.13109103,-0.070680864,0.025647936,-0.03041466,-0.06668007,-0.07107341,0.015721792,-0.06347235,-0.023996742,-0.030411402,-0.14728083
265.0,-0.062237818,-0.034380917,-0.114824735,-0.007294078,-0.011815885,-0.05218921,-0.025530916,0.03380427,-0.16465509,-0.13510534,0.10515641,-0.12838724,-0.023509672,-0.010236851,-0.098769836,-0.018334225
266.0,-0.13865021,0.09843017,-0.06920805,0.13385788,-0.07079369,-0.052790448,-0.045241155,-0.1850476,-0.04076181,-0.034673855,0.071112126,-0.109201945,0.0733616,-0.074960485,0.021415811,0.024156906
267.0,0.03658766,-0.13164808,-0.034230776,-0.03403672,0.070206665,-0.028914705,-0.008957694,-0.081876375,-0.05081016,0.016693698,-0.09500363,-0.050796587,0.057949368,0.028285537,-0.019885415,-0.10087896
268.0,-0.027056804,-0.031881392,0.17053992,0.07822422,0.17099921,-0.11760737,-0.12599488,0.050764933,0.087793015,0.07024752,0.1267963,-0.047067653,-0.12328073,-0.07794536,-0.01817776,0.040458176
269.0,0.013745966,0.06594022,0.08225711,-0.11972448,0.05618228,0.020576175,-0.043673802,0.123744674,0.06290294,0.05916738,0.07738112,0.14385596,0.20112431,-0.016529191,-0.1313744,-0.045679078
270.0,-0.0011791468,0.024660965,0.013497346,-0.027498445,-0.103567086,-0.008200058,0.073413566,-0.09782231,0.08767971,-0.023129625,-0.028436279,0.1537884,-0.16325034,-0.053886954,-0.030183611,0.13000026
271.0,0.03954167,0.06799063,-0.01992568,0.07482132,0.0888301,-0.040255148,0.100495,-0.15817586,0.07444503,-0.080864675,-0.018173024,-0.008099339,-0.20400013,0.03966239,-0.10452513,-0.11790535
272.0,0.04088581,-0.0038693026,0.03385812,-0.09631958,-0.03733295,-0.10603153,0.035963565,0.11683867,-0.017989803,0.008866763,0.08778863,0.036858235,-0.013988164,-0.027116504,-0.11704921,0.01627374
273.0,-0.08379733,-0.03497695,0.010408124,0.006497949,0.068890736,-0.083725296,-0.0035026802,-0.005159065,-0.06252915,0.076321214,-0.01942948,0.0895147,0.008653145,0.008335922,0.017023157,0.049460433
274.0,-0.116808146,-0.08787845,0.062322777,0.0017679158,0.039663065,0.042337384,0.030625476,0.039345004,0.026993522,-0.0027142589,0.049938656,0.046546865,-0.10252909,-0.07204236,-0.11077518,0.030984724
275.0,0.018785736,-0.009491646,-0.031805273,-0.108540475,0.10742665,-0.10971477,0.040683128,-0.10341788,-0.004705531,-0.011779796,-0.016875139,-0.14975905,0.030530123,-0.08634246,0.0022967022,0.04443817
276.0,-0.021673039,-0.086221375,-0.016612453,-0.13841648,0.0026704282,-0.04441274,0.03318404,-0.1376128,0.04762662,-0.01956421,-0.056220315,-0.008500077,-0.0046831053,-0.12477546,0.013777801,0.039238233
277.0,0.13969241,-0.033107903,-0.00795737,-0.07248062,-0.04167741,-0.025306262,0.15047856,-0.026009737,0.08087722,-0.09271808,0.02055465,0.04179654,-0.054659937,-0.008590858,-0.17649381,0.10198732
278.0,0.097874045,-0.1297332,-0.04680081,-0.14057182,-0.09911038,-0.14251204,0.033460114,0.16677149,-0.01456779,-0.064641505,-0.02709214,0.023219846,-0.121199235,0.10588513,0.033194162,-0.078864254
279.0,-0.013408053,0.12066482,0.038613204,-0.03346108,0.081081524,-0.041196484,0.08132294,0.12829497,0.041043375,-0.09545276,0.038623396,-0.056604695,0.027152944,0.022387704,-0.052586924,0.05149134
280.0,-0.15492432,-0.113588214,0.06948641,0.004561101,-0.05774385,-0.10322255,-0.10494996,-0.0671682,0.03931497,-0.14231208,0.02544489,0.108532436,-0.03134256,-0.05759654,-0.045286924,-0.15945928
281.0,0.018891767,0.06764862,-0.003051148,-0.023696996,-0.00848762,-0.012153063,-0.022307536,-0.06834395,-0.013153505,0.018040346,-0.025303833,0.16778682,0.12279859,-0.04740739,-0.059716072,0.053608797
282.0,-0.025821386,-0.08249603,-0.016635375,-0.10861141,0.016115721,-0.07103863,-0.11441174,0.092275836,0.08027385,0.034771428,0.119617745,0.1598246,0.11513549,-0.16874018,0.0031236596,0.02027988
283.0,-0.1447251,-0.012274559,-0.05613263,-0.05613806,0.08606013,-0.022646828,0.13434717,-0.014211869,0.036311254,-0.09885329,-0.12290876,0.058320627,-0.038096003,0.027949931,-0.030800825,-0.05411529
284.0,0.049855854,0.028867042,-0.00023745332,0.056113735,-0.06953716,-0.048682757,-0.08060304,0.01872562,0.031687953,-0.074769005,0.09015385,-0.13780926,0.19949357,0.004237408,-0.021363191,-0.05308247
285.0,-0.0018300955,0.11827333,-0.047539365,0.020513076,0.03732467,-0.05669357,0.0333004,0.024604753,0.1461336,-0.08564944,0.025593398,-0.012302428,-0.06883373,0.023852676,-0.006321557,0.005126659
286.0,0.080762,-0.017819673,-0.056237523,0.03559314,-0.039259102,0.03494001,-0.065524615,-0.080931164,-0.038768806,-0.009773251,-0.084150426,0.12024595,0.01963207,-0.16147165,-0.07494492,0.016650083
287.0,0.031683404,0.11506962,0.078903146,0.039227813,0.16333729,0.044191454,0.03190588,-0.01572493,0.06774534,-0.15379806,-0.025761941,0.12103454,0.074629895,-0.11401884,0.05909035,-0.029256748
288.0,-0.08199742,0.022172743,0.036744975,0.021603778,-0.066743664,0.102683455,-0.010802786,0.1421012,-0.082065955,-0.04033794,0.047298674,-0.10327069,0.1567588,-0.13520363,-0.062995955,-0.080724046
289.0,-0.1710376,0.13639264,0.048981316,0.046806034,-0.12254417,-0.097632974,0.111766756,0.05668425,-0.025410077,-0.10559964,0.029641002,-0.0390914,0.060477383,-0.082971014,0.021478863,-0.03705272
290.0,0.05450135,-0.01285496,0.018640166,-0.012793626,0.11380511,-0.03919075,-0.037037995,-0.08922276,-0.013620444,-0.08120123,-0.042459067,0.011644757,-0.019766724,0.0034302804,-0.02758448,-0.069337495
291.0,-0.12272215,-0.009366289,-0.11060911,-0.011385622,-0.09799563,0.069537036,-0.14776094,0.03367183,0.01723753,0.09585099,-0.13567337,0.066960074,0.07389988,0.009692351,0.085266575,0.04207159
292.0,0.06309084,-0.016094487,-0.026404908,0.05927613,-0.09812279,0.021047309,-0.080624826,0.06436695,0.030408176,-0.03991212,0.006620589,-0.059531204,-0.055824544,0.020377323,-0.009546917,0.08945914
293.0,0.10787935,0.096584775,-0.1612991,-0.07419625,-0.16578598,-0.06274741,0.039089583,-0.06882323,-0.10025672,0.123387635,-0.086204216,0.049166046,-0.0076278453,-0.14603783,0.013247092,0.13989007
294.0,0.06667691,0.037697468,-0.035821255,-0.010035918,-0.094391786,0.015621944,0.08450619,0.049010936,-0.10852478,0.15650402,-0.10656517,0.1520194,0.018356841,-0.058241773,-0.060260817,-0.043284312
295.0,-0.013460898,-0.019487161,-0.121320195,0.143888,0.06364882,-0.06743581,-0.0928051,0.060142588,0.13622646,-0.016415192,-0.024955183,0.003181108,0.087045275,-0.0831464,0.062579796,0.041531406
296.0,-0.032103464,0.08671404,-0.026770841,-0.08975185,-0.035186928,-0.16174114,0.03875072,-0.061124347,0.06646247,0.13766918,0.022230487,0.05084841,0.03149101,-0.033574287,0.061770644,0.13960882
297.0,0.019054981,-0.048451465,-0.009388778,0.014545781,-0.13933797,-0.068326056,0.055739336,-0.13551089,0.040128797,0.1539888,0.012569424,0.053117845,0.005081673,0.1780546,0.020241326,0.078121305
298.0,0.10578719,-0.12200224,0.064808264,0.040895198,0.1568958,0.041058037,0.07989244,0.013704246,0.013971142,0.067809716,0.072055504,-0.09269369,0.1304369,0.02299538,0.06410306,-0.048719715
299.0,-0.09514314,0.16472565,-0.0029790103,-0.0572064,-0.09802847,-0.14875017,0.01941077,0.042964432,-0.054197714,0.053569064,-0.068961844,-0.082624,0.11874165,-0.102967374,0.011507106,-0.01571515
300.0,-0.01817354,-0.08870272,0.018651731,0.077466175,-0.015412237,0.04576311,-0.15313467,-0.16899164,-0.06885786,0.009063515,-0.10314099,0.084267035,0.08060678,0.028842133,-0.07153413,0.050905548
